Brand,Model,Part Category,Part Name
Hero,Splendor Plus,Engine,Piston
Hero,Splendor Plus,Engine,Cylinder Kit
Hero,Splendor Plus,Engine,Timing Chain
Hero,Splendor Plus,Engine,Head Gasket
Hero,Splendor Plus,Clutch,Clutch Plate
Hero,Splendor Plus,Clutch,Pressure Plate
Hero,Splendor Plus,Clutch,Clutch Cable
Hero,Splendor Plus,Cables,Throttle Cable
Hero,Splendor Plus,Cables,Brake Cable
Hero,Splendor Plus,Cables,Clutch Cable
Hero,Splendor Plus,Brakes,Disc Pad
Hero,Splendor Plus,Brakes,Drum Shoe
Hero,Splendor Plus,Brakes,Brake Lever
Hero,Splendor Plus,Suspension,Front Fork
Hero,Splendor Plus,Suspension,Rear Shock Absorber
Hero,Splendor Plus,Electrical,Headlight
Hero,Splendor Plus,Electrical,Tail Light
Hero,Splendor Plus,Electrical,Indicator
Hero,Splendor Plus,Electrical,Battery
Hero,Splendor Plus,Body,Side Panel
Hero,Splendor Plus,Body,Front Mudguard
Hero,Splendor Plus,Body,Rear Mudguard
Hero,Splendor Plus,Tyres,Front Tyre
Hero,Splendor Plus,Tyres,Rear Tyre
Hero,Splendor Plus,Tyres,Tube
Hero,HF Deluxe,Engine,Piston
Hero,HF Deluxe,Engine,Cylinder Kit
Hero,HF Deluxe,Engine,Timing Chain
Hero,HF Deluxe,Engine,Head Gasket
Hero,HF Deluxe,Clutch,Clutch Plate
Hero,HF Deluxe,Clutch,Pressure Plate
Hero,HF Deluxe,Clutch,Clutch Cable
Hero,HF Deluxe,Cables,Throttle Cable
Hero,HF Deluxe,Cables,Brake Cable
Hero,HF Deluxe,Cables,Clutch Cable
Hero,HF Deluxe,Brakes,Disc Pad
Hero,HF Deluxe,Brakes,Drum Shoe
Hero,HF Deluxe,Brakes,Brake Lever
Hero,HF Deluxe,Suspension,Front Fork
Hero,HF Deluxe,Suspension,Rear Shock Absorber
Hero,HF Deluxe,Electrical,Headlight
Hero,HF Deluxe,Electrical,Tail Light
Hero,HF Deluxe,Electrical,Indicator
Hero,HF Deluxe,Electrical,Battery
Hero,HF Deluxe,Body,Side Panel
Hero,HF Deluxe,Body,Front Mudguard
Hero,HF Deluxe,Body,Rear Mudguard
Hero,HF Deluxe,Tyres,Front Tyre
Hero,HF Deluxe,Tyres,Rear Tyre
Hero,HF Deluxe,Tyres,Tube
Hero,Passion Pro / Passion Plus,Engine,Piston
Hero,Passion Pro / Passion Plus,Engine,Cylinder Kit
Hero,Passion Pro / Passion Plus,Engine,Timing Chain
Hero,Passion Pro / Passion Plus,Engine,Head Gasket
Hero,Passion Pro / Passion Plus,Clutch,Clutch Plate
Hero,Passion Pro / Passion Plus,Clutch,Pressure Plate
Hero,Passion Pro / Passion Plus,Clutch,Clutch Cable
Hero,Passion Pro / Passion Plus,Cables,Throttle Cable
Hero,Passion Pro / Passion Plus,Cables,Brake Cable
Hero,Passion Pro / Passion Plus,Cables,Clutch Cable
Hero,Passion Pro / Passion Plus,Brakes,Disc Pad
Hero,Passion Pro / Passion Plus,Brakes,Drum Shoe
Hero,Passion Pro / Passion Plus,Brakes,Brake Lever
Hero,Passion Pro / Passion Plus,Suspension,Front Fork
Hero,Passion Pro / Passion Plus,Suspension,Rear Shock Absorber
Hero,Passion Pro / Passion Plus,Electrical,Headlight
Hero,Passion Pro / Passion Plus,Electrical,Tail Light
Hero,Passion Pro / Passion Plus,Electrical,Indicator
Hero,Passion Pro / Passion Plus,Electrical,Battery
Hero,Passion Pro / Passion Plus,Body,Side Panel
Hero,Passion Pro / Passion Plus,Body,Front Mudguard
Hero,Passion Pro / Passion Plus,Body,Rear Mudguard
Hero,Passion Pro / Passion Plus,Tyres,Front Tyre
Hero,Passion Pro / Passion Plus,Tyres,Rear Tyre
Hero,Passion Pro / Passion Plus,Tyres,Tube
Hero,Super Splendor,Engine,Piston
Hero,Super Splendor,Engine,Cylinder Kit
Hero,Super Splendor,Engine,Timing Chain
Hero,Super Splendor,Engine,Head Gasket
Hero,Super Splendor,Clutch,Clutch Plate
Hero,Super Splendor,Clutch,Pressure Plate
Hero,Super Splendor,Clutch,Clutch Cable
Hero,Super Splendor,Cables,Throttle Cable
Hero,Super Splendor,Cables,Brake Cable
Hero,Super Splendor,Cables,Clutch Cable
Hero,Super Splendor,Brakes,Disc Pad
Hero,Super Splendor,Brakes,Drum Shoe
Hero,Super Splendor,Brakes,Brake Lever
Hero,Super Splendor,Suspension,Front Fork
Hero,Super Splendor,Suspension,Rear Shock Absorber
Hero,Super Splendor,Electrical,Headlight
Hero,Super Splendor,Electrical,Tail Light
Hero,Super Splendor,Electrical,Indicator
Hero,Super Splendor,Electrical,Battery
Hero,Super Splendor,Body,Side Panel
Hero,Super Splendor,Body,Front Mudguard
Hero,Super Splendor,Body,Rear Mudguard
Hero,Super Splendor,Tyres,Front Tyre
Hero,Super Splendor,Tyres,Rear Tyre
Hero,Super Splendor,Tyres,Tube
Hero,Glamour,Engine,Piston
Hero,Glamour,Engine,Cylinder Kit
Hero,Glamour,Engine,Timing Chain
Hero,Glamour,Engine,Head Gasket
Hero,Glamour,Clutch,Clutch Plate
Hero,Glamour,Clutch,Pressure Plate
Hero,Glamour,Clutch,Clutch Cable
Hero,Glamour,Cables,Throttle Cable
Hero,Glamour,Cables,Brake Cable
Hero,Glamour,Cables,Clutch Cable
Hero,Glamour,Brakes,Disc Pad
Hero,Glamour,Brakes,Drum Shoe
Hero,Glamour,Brakes,Brake Lever
Hero,Glamour,Suspension,Front Fork
Hero,Glamour,Suspension,Rear Shock Absorber
Hero,Glamour,Electrical,Headlight
Hero,Glamour,Electrical,Tail Light
Hero,Glamour,Electrical,Indicator
Hero,Glamour,Electrical,Battery
Hero,Glamour,Body,Side Panel
Hero,Glamour,Body,Front Mudguard
Hero,Glamour,Body,Rear Mudguard
Hero,Glamour,Tyres,Front Tyre
Hero,Glamour,Tyres,Rear Tyre
Hero,Glamour,Tyres,Tube
Hero,Xtreme 160R,Engine,Piston
Hero,Xtreme 160R,Engine,Cylinder Kit
Hero,Xtreme 160R,Engine,Timing Chain
Hero,Xtreme 160R,Engine,Head Gasket
Hero,Xtreme 160R,Clutch,Clutch Plate
Hero,Xtreme 160R,Clutch,Pressure Plate
Hero,Xtreme 160R,Clutch,Clutch Cable
Hero,Xtreme 160R,Cables,Throttle Cable
Hero,Xtreme 160R,Cables,Brake Cable
Hero,Xtreme 160R,Cables,Clutch Cable
Hero,Xtreme 160R,Brakes,Disc Pad
Hero,Xtreme 160R,Brakes,Drum Shoe
Hero,Xtreme 160R,Brakes,Brake Lever
Hero,Xtreme 160R,Suspension,Front Fork
Hero,Xtreme 160R,Suspension,Rear Shock Absorber
Hero,Xtreme 160R,Electrical,Headlight
Hero,Xtreme 160R,Electrical,Tail Light
Hero,Xtreme 160R,Electrical,Indicator
Hero,Xtreme 160R,Electrical,Battery
Hero,Xtreme 160R,Body,Side Panel
Hero,Xtreme 160R,Body,Front Mudguard
Hero,Xtreme 160R,Body,Rear Mudguard
Hero,Xtreme 160R,Tyres,Front Tyre
Hero,Xtreme 160R,Tyres,Rear Tyre
Hero,Xtreme 160R,Tyres,Tube
Hero,Xpulse 200,Engine,Piston
Hero,Xpulse 200,Engine,Cylinder Kit
Hero,Xpulse 200,Engine,Timing Chain
Hero,Xpulse 200,Engine,Head Gasket
Hero,Xpulse 200,Clutch,Clutch Plate
Hero,Xpulse 200,Clutch,Pressure Plate
Hero,Xpulse 200,Clutch,Clutch Cable
Hero,Xpulse 200,Cables,Throttle Cable
Hero,Xpulse 200,Cables,Brake Cable
Hero,Xpulse 200,Cables,Clutch Cable
Hero,Xpulse 200,Brakes,Disc Pad
Hero,Xpulse 200,Brakes,Drum Shoe
Hero,Xpulse 200,Brakes,Brake Lever
Hero,Xpulse 200,Suspension,Front Fork
Hero,Xpulse 200,Suspension,Rear Shock Absorber
Hero,Xpulse 200,Electrical,Headlight
Hero,Xpulse 200,Electrical,Tail Light
Hero,Xpulse 200,Electrical,Indicator
Hero,Xpulse 200,Electrical,Battery
Hero,Xpulse 200,Body,Side Panel
Hero,Xpulse 200,Body,Front Mudguard
Hero,Xpulse 200,Body,Rear Mudguard
Hero,Xpulse 200,Tyres,Front Tyre
Hero,Xpulse 200,Tyres,Rear Tyre
Hero,Xpulse 200,Tyres,Tube
Hero,Karizma XMR,Engine,Piston
Hero,Karizma XMR,Engine,Cylinder Kit
Hero,Karizma XMR,Engine,Timing Chain
Hero,Karizma XMR,Engine,Head Gasket
Hero,Karizma XMR,Clutch,Clutch Plate
Hero,Karizma XMR,Clutch,Pressure Plate
Hero,Karizma XMR,Clutch,Clutch Cable
Hero,Karizma XMR,Cables,Throttle Cable
Hero,Karizma XMR,Cables,Brake Cable
Hero,Karizma XMR,Cables,Clutch Cable
Hero,Karizma XMR,Brakes,Disc Pad
Hero,Karizma XMR,Brakes,Drum Shoe
Hero,Karizma XMR,Brakes,Brake Lever
Hero,Karizma XMR,Suspension,Front Fork
Hero,Karizma XMR,Suspension,Rear Shock Absorber
Hero,Karizma XMR,Electrical,Headlight
Hero,Karizma XMR,Electrical,Tail Light
Hero,Karizma XMR,Electrical,Indicator
Hero,Karizma XMR,Electrical,Battery
Hero,Karizma XMR,Body,Side Panel
Hero,Karizma XMR,Body,Front Mudguard
Hero,Karizma XMR,Body,Rear Mudguard
Hero,Karizma XMR,Tyres,Front Tyre
Hero,Karizma XMR,Tyres,Rear Tyre
Hero,Karizma XMR,Tyres,Tube
Hero,Xtreme 200S,Engine,Piston
Hero,Xtreme 200S,Engine,Cylinder Kit
Hero,Xtreme 200S,Engine,Timing Chain
Hero,Xtreme 200S,Engine,Head Gasket
Hero,Xtreme 200S,Clutch,Clutch Plate
Hero,Xtreme 200S,Clutch,Pressure Plate
Hero,Xtreme 200S,Clutch,Clutch Cable
Hero,Xtreme 200S,Cables,Throttle Cable
Hero,Xtreme 200S,Cables,Brake Cable
Hero,Xtreme 200S,Cables,Clutch Cable
Hero,Xtreme 200S,Brakes,Disc Pad
Hero,Xtreme 200S,Brakes,Drum Shoe
Hero,Xtreme 200S,Brakes,Brake Lever
Hero,Xtreme 200S,Suspension,Front Fork
Hero,Xtreme 200S,Suspension,Rear Shock Absorber
Hero,Xtreme 200S,Electrical,Headlight
Hero,Xtreme 200S,Electrical,Tail Light
Hero,Xtreme 200S,Electrical,Indicator
Hero,Xtreme 200S,Electrical,Battery
Hero,Xtreme 200S,Body,Side Panel
Hero,Xtreme 200S,Body,Front Mudguard
Hero,Xtreme 200S,Body,Rear Mudguard
Hero,Xtreme 200S,Tyres,Front Tyre
Hero,Xtreme 200S,Tyres,Rear Tyre
Hero,Xtreme 200S,Tyres,Tube
Hero,Xtreme 125R,Engine,Piston
Hero,Xtreme 125R,Engine,Cylinder Kit
Hero,Xtreme 125R,Engine,Timing Chain
Hero,Xtreme 125R,Engine,Head Gasket
Hero,Xtreme 125R,Clutch,Clutch Plate
Hero,Xtreme 125R,Clutch,Pressure Plate
Hero,Xtreme 125R,Clutch,Clutch Cable
Hero,Xtreme 125R,Cables,Throttle Cable
Hero,Xtreme 125R,Cables,Brake Cable
Hero,Xtreme 125R,Cables,Clutch Cable
Hero,Xtreme 125R,Brakes,Disc Pad
Hero,Xtreme 125R,Brakes,Drum Shoe
Hero,Xtreme 125R,Brakes,Brake Lever
Hero,Xtreme 125R,Suspension,Front Fork
Hero,Xtreme 125R,Suspension,Rear Shock Absorber
Hero,Xtreme 125R,Electrical,Headlight
Hero,Xtreme 125R,Electrical,Tail Light
Hero,Xtreme 125R,Electrical,Indicator
Hero,Xtreme 125R,Electrical,Battery
Hero,Xtreme 125R,Body,Side Panel
Hero,Xtreme 125R,Body,Front Mudguard
Hero,Xtreme 125R,Body,Rear Mudguard
Hero,Xtreme 125R,Tyres,Front Tyre
Hero,Xtreme 125R,Tyres,Rear Tyre
Hero,Xtreme 125R,Tyres,Tube
Hero,Xtreme 200T,Engine,Piston
Hero,Xtreme 200T,Engine,Cylinder Kit
Hero,Xtreme 200T,Engine,Timing Chain
Hero,Xtreme 200T,Engine,Head Gasket
Hero,Xtreme 200T,Clutch,Clutch Plate
Hero,Xtreme 200T,Clutch,Pressure Plate
Hero,Xtreme 200T,Clutch,Clutch Cable
Hero,Xtreme 200T,Cables,Throttle Cable
Hero,Xtreme 200T,Cables,Brake Cable
Hero,Xtreme 200T,Cables,Clutch Cable
Hero,Xtreme 200T,Brakes,Disc Pad
Hero,Xtreme 200T,Brakes,Drum Shoe
Hero,Xtreme 200T,Brakes,Brake Lever
Hero,Xtreme 200T,Suspension,Front Fork
Hero,Xtreme 200T,Suspension,Rear Shock Absorber
Hero,Xtreme 200T,Electrical,Headlight
Hero,Xtreme 200T,Electrical,Tail Light
Hero,Xtreme 200T,Electrical,Indicator
Hero,Xtreme 200T,Electrical,Battery
Hero,Xtreme 200T,Body,Side Panel
Hero,Xtreme 200T,Body,Front Mudguard
Hero,Xtreme 200T,Body,Rear Mudguard
Hero,Xtreme 200T,Tyres,Front Tyre
Hero,Xtreme 200T,Tyres,Rear Tyre
Hero,Xtreme 200T,Tyres,Tube
Hero,CBZ Xtreme,Engine,Piston
Hero,CBZ Xtreme,Engine,Cylinder Kit
Hero,CBZ Xtreme,Engine,Timing Chain
Hero,CBZ Xtreme,Engine,Head Gasket
Hero,CBZ Xtreme,Clutch,Clutch Plate
Hero,CBZ Xtreme,Clutch,Pressure Plate
Hero,CBZ Xtreme,Clutch,Clutch Cable
Hero,CBZ Xtreme,Cables,Throttle Cable
Hero,CBZ Xtreme,Cables,Brake Cable
Hero,CBZ Xtreme,Cables,Clutch Cable
Hero,CBZ Xtreme,Brakes,Disc Pad
Hero,CBZ Xtreme,Brakes,Drum Shoe
Hero,CBZ Xtreme,Brakes,Brake Lever
Hero,CBZ Xtreme,Suspension,Front Fork
Hero,CBZ Xtreme,Suspension,Rear Shock Absorber
Hero,CBZ Xtreme,Electrical,Headlight
Hero,CBZ Xtreme,Electrical,Tail Light
Hero,CBZ Xtreme,Electrical,Indicator
Hero,CBZ Xtreme,Electrical,Battery
Hero,CBZ Xtreme,Body,Side Panel
Hero,CBZ Xtreme,Body,Front Mudguard
Hero,CBZ Xtreme,Body,Rear Mudguard
Hero,CBZ Xtreme,Tyres,Front Tyre
Hero,CBZ Xtreme,Tyres,Rear Tyre
Hero,CBZ Xtreme,Tyres,Tube
Hero,Hunk,Engine,Piston
Hero,Hunk,Engine,Cylinder Kit
Hero,Hunk,Engine,Timing Chain
Hero,Hunk,Engine,Head Gasket
Hero,Hunk,Clutch,Clutch Plate
Hero,Hunk,Clutch,Pressure Plate
Hero,Hunk,Clutch,Clutch Cable
Hero,Hunk,Cables,Throttle Cable
Hero,Hunk,Cables,Brake Cable
Hero,Hunk,Cables,Clutch Cable
Hero,Hunk,Brakes,Disc Pad
Hero,Hunk,Brakes,Drum Shoe
Hero,Hunk,Brakes,Brake Lever
Hero,Hunk,Suspension,Front Fork
Hero,Hunk,Suspension,Rear Shock Absorber
Hero,Hunk,Electrical,Headlight
Hero,Hunk,Electrical,Tail Light
Hero,Hunk,Electrical,Indicator
Hero,Hunk,Electrical,Battery
Hero,Hunk,Body,Side Panel
Hero,Hunk,Body,Front Mudguard
Hero,Hunk,Body,Rear Mudguard
Hero,Hunk,Tyres,Front Tyre
Hero,Hunk,Tyres,Rear Tyre
Hero,Hunk,Tyres,Tube
Hero,Achiever,Engine,Piston
Hero,Achiever,Engine,Cylinder Kit
Hero,Achiever,Engine,Timing Chain
Hero,Achiever,Engine,Head Gasket
Hero,Achiever,Clutch,Clutch Plate
Hero,Achiever,Clutch,Pressure Plate
Hero,Achiever,Clutch,Clutch Cable
Hero,Achiever,Cables,Throttle Cable
Hero,Achiever,Cables,Brake Cable
Hero,Achiever,Cables,Clutch Cable
Hero,Achiever,Brakes,Disc Pad
Hero,Achiever,Brakes,Drum Shoe
Hero,Achiever,Brakes,Brake Lever
Hero,Achiever,Suspension,Front Fork
Hero,Achiever,Suspension,Rear Shock Absorber
Hero,Achiever,Electrical,Headlight
Hero,Achiever,Electrical,Tail Light
Hero,Achiever,Electrical,Indicator
Hero,Achiever,Electrical,Battery
Hero,Achiever,Body,Side Panel
Hero,Achiever,Body,Front Mudguard
Hero,Achiever,Body,Rear Mudguard
Hero,Achiever,Tyres,Front Tyre
Hero,Achiever,Tyres,Rear Tyre
Hero,Achiever,Tyres,Tube
Hero,Ignitor,Engine,Piston
Hero,Ignitor,Engine,Cylinder Kit
Hero,Ignitor,Engine,Timing Chain
Hero,Ignitor,Engine,Head Gasket
Hero,Ignitor,Clutch,Clutch Plate
Hero,Ignitor,Clutch,Pressure Plate
Hero,Ignitor,Clutch,Clutch Cable
Hero,Ignitor,Cables,Throttle Cable
Hero,Ignitor,Cables,Brake Cable
Hero,Ignitor,Cables,Clutch Cable
Hero,Ignitor,Brakes,Disc Pad
Hero,Ignitor,Brakes,Drum Shoe
Hero,Ignitor,Brakes,Brake Lever
Hero,Ignitor,Suspension,Front Fork
Hero,Ignitor,Suspension,Rear Shock Absorber
Hero,Ignitor,Electrical,Headlight
Hero,Ignitor,Electrical,Tail Light
Hero,Ignitor,Electrical,Indicator
Hero,Ignitor,Electrical,Battery
Hero,Ignitor,Body,Side Panel
Hero,Ignitor,Body,Front Mudguard
Hero,Ignitor,Body,Rear Mudguard
Hero,Ignitor,Tyres,Front Tyre
Hero,Ignitor,Tyres,Rear Tyre
Hero,Ignitor,Tyres,Tube
Hero,iSmart 110,Engine,Piston
Hero,iSmart 110,Engine,Cylinder Kit
Hero,iSmart 110,Engine,Timing Chain
Hero,iSmart 110,Engine,Head Gasket
Hero,iSmart 110,Clutch,Clutch Plate
Hero,iSmart 110,Clutch,Pressure Plate
Hero,iSmart 110,Clutch,Clutch Cable
Hero,iSmart 110,Cables,Throttle Cable
Hero,iSmart 110,Cables,Brake Cable
Hero,iSmart 110,Cables,Clutch Cable
Hero,iSmart 110,Brakes,Disc Pad
Hero,iSmart 110,Brakes,Drum Shoe
Hero,iSmart 110,Brakes,Brake Lever
Hero,iSmart 110,Suspension,Front Fork
Hero,iSmart 110,Suspension,Rear Shock Absorber
Hero,iSmart 110,Electrical,Headlight
Hero,iSmart 110,Electrical,Tail Light
Hero,iSmart 110,Electrical,Indicator
Hero,iSmart 110,Electrical,Battery
Hero,iSmart 110,Body,Side Panel
Hero,iSmart 110,Body,Front Mudguard
Hero,iSmart 110,Body,Rear Mudguard
Hero,iSmart 110,Tyres,Front Tyre
Hero,iSmart 110,Tyres,Rear Tyre
Hero,iSmart 110,Tyres,Tube
Hero,Splendor NXG,Engine,Piston
Hero,Splendor NXG,Engine,Cylinder Kit
Hero,Splendor NXG,Engine,Timing Chain
Hero,Splendor NXG,Engine,Head Gasket
Hero,Splendor NXG,Clutch,Clutch Plate
Hero,Splendor NXG,Clutch,Pressure Plate
Hero,Splendor NXG,Clutch,Clutch Cable
Hero,Splendor NXG,Cables,Throttle Cable
Hero,Splendor NXG,Cables,Brake Cable
Hero,Splendor NXG,Cables,Clutch Cable
Hero,Splendor NXG,Brakes,Disc Pad
Hero,Splendor NXG,Brakes,Drum Shoe
Hero,Splendor NXG,Brakes,Brake Lever
Hero,Splendor NXG,Suspension,Front Fork
Hero,Splendor NXG,Suspension,Rear Shock Absorber
Hero,Splendor NXG,Electrical,Headlight
Hero,Splendor NXG,Electrical,Tail Light
Hero,Splendor NXG,Electrical,Indicator
Hero,Splendor NXG,Electrical,Battery
Hero,Splendor NXG,Body,Side Panel
Hero,Splendor NXG,Body,Front Mudguard
Hero,Splendor NXG,Body,Rear Mudguard
Hero,Splendor NXG,Tyres,Front Tyre
Hero,Splendor NXG,Tyres,Rear Tyre
Hero,Splendor NXG,Tyres,Tube
Hero,HF 100,Engine,Piston
Hero,HF 100,Engine,Cylinder Kit
Hero,HF 100,Engine,Timing Chain
Hero,HF 100,Engine,Head Gasket
Hero,HF 100,Clutch,Clutch Plate
Hero,HF 100,Clutch,Pressure Plate
Hero,HF 100,Clutch,Clutch Cable
Hero,HF 100,Cables,Throttle Cable
Hero,HF 100,Cables,Brake Cable
Hero,HF 100,Cables,Clutch Cable
Hero,HF 100,Brakes,Disc Pad
Hero,HF 100,Brakes,Drum Shoe
Hero,HF 100,Brakes,Brake Lever
Hero,HF 100,Suspension,Front Fork
Hero,HF 100,Suspension,Rear Shock Absorber
Hero,HF 100,Electrical,Headlight
Hero,HF 100,Electrical,Tail Light
Hero,HF 100,Electrical,Indicator
Hero,HF 100,Electrical,Battery
Hero,HF 100,Body,Side Panel
Hero,HF 100,Body,Front Mudguard
Hero,HF 100,Body,Rear Mudguard
Hero,HF 100,Tyres,Front Tyre
Hero,HF 100,Tyres,Rear Tyre
Hero,HF 100,Tyres,Tube
Hero,Pleasure Plus,Engine,Piston
Hero,Pleasure Plus,Engine,Cylinder Kit
Hero,Pleasure Plus,Engine,Timing Chain
Hero,Pleasure Plus,Engine,Head Gasket
Hero,Pleasure Plus,Clutch,Clutch Plate
Hero,Pleasure Plus,Clutch,Pressure Plate
Hero,Pleasure Plus,Clutch,Clutch Cable
Hero,Pleasure Plus,Cables,Throttle Cable
Hero,Pleasure Plus,Cables,Brake Cable
Hero,Pleasure Plus,Cables,Clutch Cable
Hero,Pleasure Plus,Brakes,Disc Pad
Hero,Pleasure Plus,Brakes,Drum Shoe
Hero,Pleasure Plus,Brakes,Brake Lever
Hero,Pleasure Plus,Suspension,Front Fork
Hero,Pleasure Plus,Suspension,Rear Shock Absorber
Hero,Pleasure Plus,Electrical,Headlight
Hero,Pleasure Plus,Electrical,Tail Light
Hero,Pleasure Plus,Electrical,Indicator
Hero,Pleasure Plus,Electrical,Battery
Hero,Pleasure Plus,Body,Side Panel
Hero,Pleasure Plus,Body,Front Mudguard
Hero,Pleasure Plus,Body,Rear Mudguard
Hero,Pleasure Plus,Tyres,Front Tyre
Hero,Pleasure Plus,Tyres,Rear Tyre
Hero,Pleasure Plus,Tyres,Tube
Hero,Destini 125,Engine,Piston
Hero,Destini 125,Engine,Cylinder Kit
Hero,Destini 125,Engine,Timing Chain
Hero,Destini 125,Engine,Head Gasket
Hero,Destini 125,Clutch,Clutch Plate
Hero,Destini 125,Clutch,Pressure Plate
Hero,Destini 125,Clutch,Clutch Cable
Hero,Destini 125,Cables,Throttle Cable
Hero,Destini 125,Cables,Brake Cable
Hero,Destini 125,Cables,Clutch Cable
Hero,Destini 125,Brakes,Disc Pad
Hero,Destini 125,Brakes,Drum Shoe
Hero,Destini 125,Brakes,Brake Lever
Hero,Destini 125,Suspension,Front Fork
Hero,Destini 125,Suspension,Rear Shock Absorber
Hero,Destini 125,Electrical,Headlight
Hero,Destini 125,Electrical,Tail Light
Hero,Destini 125,Electrical,Indicator
Hero,Destini 125,Electrical,Battery
Hero,Destini 125,Body,Side Panel
Hero,Destini 125,Body,Front Mudguard
Hero,Destini 125,Body,Rear Mudguard
Hero,Destini 125,Tyres,Front Tyre
Hero,Destini 125,Tyres,Rear Tyre
Hero,Destini 125,Tyres,Tube
Hero,Maestro Edge 110,Engine,Piston
Hero,Maestro Edge 110,Engine,Cylinder Kit
Hero,Maestro Edge 110,Engine,Timing Chain
Hero,Maestro Edge 110,Engine,Head Gasket
Hero,Maestro Edge 110,Clutch,Clutch Plate
Hero,Maestro Edge 110,Clutch,Pressure Plate
Hero,Maestro Edge 110,Clutch,Clutch Cable
Hero,Maestro Edge 110,Cables,Throttle Cable
Hero,Maestro Edge 110,Cables,Brake Cable
Hero,Maestro Edge 110,Cables,Clutch Cable
Hero,Maestro Edge 110,Brakes,Disc Pad
Hero,Maestro Edge 110,Brakes,Drum Shoe
Hero,Maestro Edge 110,Brakes,Brake Lever
Hero,Maestro Edge 110,Suspension,Front Fork
Hero,Maestro Edge 110,Suspension,Rear Shock Absorber
Hero,Maestro Edge 110,Electrical,Headlight
Hero,Maestro Edge 110,Electrical,Tail Light
Hero,Maestro Edge 110,Electrical,Indicator
Hero,Maestro Edge 110,Electrical,Battery
Hero,Maestro Edge 110,Body,Side Panel
Hero,Maestro Edge 110,Body,Front Mudguard
Hero,Maestro Edge 110,Body,Rear Mudguard
Hero,Maestro Edge 110,Tyres,Front Tyre
Hero,Maestro Edge 110,Tyres,Rear Tyre
Hero,Maestro Edge 110,Tyres,Tube
Hero,Maestro Edge 125,Engine,Piston
Hero,Maestro Edge 125,Engine,Cylinder Kit
Hero,Maestro Edge 125,Engine,Timing Chain
Hero,Maestro Edge 125,Engine,Head Gasket
Hero,Maestro Edge 125,Clutch,Clutch Plate
Hero,Maestro Edge 125,Clutch,Pressure Plate
Hero,Maestro Edge 125,Clutch,Clutch Cable
Hero,Maestro Edge 125,Cables,Throttle Cable
Hero,Maestro Edge 125,Cables,Brake Cable
Hero,Maestro Edge 125,Cables,Clutch Cable
Hero,Maestro Edge 125,Brakes,Disc Pad
Hero,Maestro Edge 125,Brakes,Drum Shoe
Hero,Maestro Edge 125,Brakes,Brake Lever
Hero,Maestro Edge 125,Suspension,Front Fork
Hero,Maestro Edge 125,Suspension,Rear Shock Absorber
Hero,Maestro Edge 125,Electrical,Headlight
Hero,Maestro Edge 125,Electrical,Tail Light
Hero,Maestro Edge 125,Electrical,Indicator
Hero,Maestro Edge 125,Electrical,Battery
Hero,Maestro Edge 125,Body,Side Panel
Hero,Maestro Edge 125,Body,Front Mudguard
Hero,Maestro Edge 125,Body,Rear Mudguard
Hero,Maestro Edge 125,Tyres,Front Tyre
Hero,Maestro Edge 125,Tyres,Rear Tyre
Hero,Maestro Edge 125,Tyres,Tube
Bajaj,Pulsar 125,Engine,Piston
Bajaj,Pulsar 125,Engine,Cylinder Kit
Bajaj,Pulsar 125,Engine,Timing Chain
Bajaj,Pulsar 125,Engine,Head Gasket
Bajaj,Pulsar 125,Clutch,Clutch Plate
Bajaj,Pulsar 125,Clutch,Pressure Plate
Bajaj,Pulsar 125,Clutch,Clutch Cable
Bajaj,Pulsar 125,Cables,Throttle Cable
Bajaj,Pulsar 125,Cables,Brake Cable
Bajaj,Pulsar 125,Cables,Clutch Cable
Bajaj,Pulsar 125,Brakes,Disc Pad
Bajaj,Pulsar 125,Brakes,Drum Shoe
Bajaj,Pulsar 125,Brakes,Brake Lever
Bajaj,Pulsar 125,Suspension,Front Fork
Bajaj,Pulsar 125,Suspension,Rear Shock Absorber
Bajaj,Pulsar 125,Electrical,Headlight
Bajaj,Pulsar 125,Electrical,Tail Light
Bajaj,Pulsar 125,Electrical,Indicator
Bajaj,Pulsar 125,Electrical,Battery
Bajaj,Pulsar 125,Body,Side Panel
Bajaj,Pulsar 125,Body,Front Mudguard
Bajaj,Pulsar 125,Body,Rear Mudguard
Bajaj,Pulsar 125,Tyres,Front Tyre
Bajaj,Pulsar 125,Tyres,Rear Tyre
Bajaj,Pulsar 125,Tyres,Tube
Bajaj,Pulsar 150,Engine,Piston
Bajaj,Pulsar 150,Engine,Cylinder Kit
Bajaj,Pulsar 150,Engine,Timing Chain
Bajaj,Pulsar 150,Engine,Head Gasket
Bajaj,Pulsar 150,Clutch,Clutch Plate
Bajaj,Pulsar 150,Clutch,Pressure Plate
Bajaj,Pulsar 150,Clutch,Clutch Cable
Bajaj,Pulsar 150,Cables,Throttle Cable
Bajaj,Pulsar 150,Cables,Brake Cable
Bajaj,Pulsar 150,Cables,Clutch Cable
Bajaj,Pulsar 150,Brakes,Disc Pad
Bajaj,Pulsar 150,Brakes,Drum Shoe
Bajaj,Pulsar 150,Brakes,Brake Lever
Bajaj,Pulsar 150,Suspension,Front Fork
Bajaj,Pulsar 150,Suspension,Rear Shock Absorber
Bajaj,Pulsar 150,Electrical,Headlight
Bajaj,Pulsar 150,Electrical,Tail Light
Bajaj,Pulsar 150,Electrical,Indicator
Bajaj,Pulsar 150,Electrical,Battery
Bajaj,Pulsar 150,Body,Side Panel
Bajaj,Pulsar 150,Body,Front Mudguard
Bajaj,Pulsar 150,Body,Rear Mudguard
Bajaj,Pulsar 150,Tyres,Front Tyre
Bajaj,Pulsar 150,Tyres,Rear Tyre
Bajaj,Pulsar 150,Tyres,Tube
Bajaj,Pulsar NS200,Engine,Piston
Bajaj,Pulsar NS200,Engine,Cylinder Kit
Bajaj,Pulsar NS200,Engine,Timing Chain
Bajaj,Pulsar NS200,Engine,Head Gasket
Bajaj,Pulsar NS200,Clutch,Clutch Plate
Bajaj,Pulsar NS200,Clutch,Pressure Plate
Bajaj,Pulsar NS200,Clutch,Clutch Cable
Bajaj,Pulsar NS200,Cables,Throttle Cable
Bajaj,Pulsar NS200,Cables,Brake Cable
Bajaj,Pulsar NS200,Cables,Clutch Cable
Bajaj,Pulsar NS200,Brakes,Disc Pad
Bajaj,Pulsar NS200,Brakes,Drum Shoe
Bajaj,Pulsar NS200,Brakes,Brake Lever
Bajaj,Pulsar NS200,Suspension,Front Fork
Bajaj,Pulsar NS200,Suspension,Rear Shock Absorber
Bajaj,Pulsar NS200,Electrical,Headlight
Bajaj,Pulsar NS200,Electrical,Tail Light
Bajaj,Pulsar NS200,Electrical,Indicator
Bajaj,Pulsar NS200,Electrical,Battery
Bajaj,Pulsar NS200,Body,Side Panel
Bajaj,Pulsar NS200,Body,Front Mudguard
Bajaj,Pulsar NS200,Body,Rear Mudguard
Bajaj,Pulsar NS200,Tyres,Front Tyre
Bajaj,Pulsar NS200,Tyres,Rear Tyre
Bajaj,Pulsar NS200,Tyres,Tube
Bajaj,Pulsar NS160,Engine,Piston
Bajaj,Pulsar NS160,Engine,Cylinder Kit
Bajaj,Pulsar NS160,Engine,Timing Chain
Bajaj,Pulsar NS160,Engine,Head Gasket
Bajaj,Pulsar NS160,Clutch,Clutch Plate
Bajaj,Pulsar NS160,Clutch,Pressure Plate
Bajaj,Pulsar NS160,Clutch,Clutch Cable
Bajaj,Pulsar NS160,Cables,Throttle Cable
Bajaj,Pulsar NS160,Cables,Brake Cable
Bajaj,Pulsar NS160,Cables,Clutch Cable
Bajaj,Pulsar NS160,Brakes,Disc Pad
Bajaj,Pulsar NS160,Brakes,Drum Shoe
Bajaj,Pulsar NS160,Brakes,Brake Lever
Bajaj,Pulsar NS160,Suspension,Front Fork
Bajaj,Pulsar NS160,Suspension,Rear Shock Absorber
Bajaj,Pulsar NS160,Electrical,Headlight
Bajaj,Pulsar NS160,Electrical,Tail Light
Bajaj,Pulsar NS160,Electrical,Indicator
Bajaj,Pulsar NS160,Electrical,Battery
Bajaj,Pulsar NS160,Body,Side Panel
Bajaj,Pulsar NS160,Body,Front Mudguard
Bajaj,Pulsar NS160,Body,Rear Mudguard
Bajaj,Pulsar NS160,Tyres,Front Tyre
Bajaj,Pulsar NS160,Tyres,Rear Tyre
Bajaj,Pulsar NS160,Tyres,Tube
Bajaj,Pulsar N160,Engine,Piston
Bajaj,Pulsar N160,Engine,Cylinder Kit
Bajaj,Pulsar N160,Engine,Timing Chain
Bajaj,Pulsar N160,Engine,Head Gasket
Bajaj,Pulsar N160,Clutch,Clutch Plate
Bajaj,Pulsar N160,Clutch,Pressure Plate
Bajaj,Pulsar N160,Clutch,Clutch Cable
Bajaj,Pulsar N160,Cables,Throttle Cable
Bajaj,Pulsar N160,Cables,Brake Cable
Bajaj,Pulsar N160,Cables,Clutch Cable
Bajaj,Pulsar N160,Brakes,Disc Pad
Bajaj,Pulsar N160,Brakes,Drum Shoe
Bajaj,Pulsar N160,Brakes,Brake Lever
Bajaj,Pulsar N160,Suspension,Front Fork
Bajaj,Pulsar N160,Suspension,Rear Shock Absorber
Bajaj,Pulsar N160,Electrical,Headlight
Bajaj,Pulsar N160,Electrical,Tail Light
Bajaj,Pulsar N160,Electrical,Indicator
Bajaj,Pulsar N160,Electrical,Battery
Bajaj,Pulsar N160,Body,Side Panel
Bajaj,Pulsar N160,Body,Front Mudguard
Bajaj,Pulsar N160,Body,Rear Mudguard
Bajaj,Pulsar N160,Tyres,Front Tyre
Bajaj,Pulsar N160,Tyres,Rear Tyre
Bajaj,Pulsar N160,Tyres,Tube
Bajaj,Pulsar N250,Engine,Piston
Bajaj,Pulsar N250,Engine,Cylinder Kit
Bajaj,Pulsar N250,Engine,Timing Chain
Bajaj,Pulsar N250,Engine,Head Gasket
Bajaj,Pulsar N250,Clutch,Clutch Plate
Bajaj,Pulsar N250,Clutch,Pressure Plate
Bajaj,Pulsar N250,Clutch,Clutch Cable
Bajaj,Pulsar N250,Cables,Throttle Cable
Bajaj,Pulsar N250,Cables,Brake Cable
Bajaj,Pulsar N250,Cables,Clutch Cable
Bajaj,Pulsar N250,Brakes,Disc Pad
Bajaj,Pulsar N250,Brakes,Drum Shoe
Bajaj,Pulsar N250,Brakes,Brake Lever
Bajaj,Pulsar N250,Suspension,Front Fork
Bajaj,Pulsar N250,Suspension,Rear Shock Absorber
Bajaj,Pulsar N250,Electrical,Headlight
Bajaj,Pulsar N250,Electrical,Tail Light
Bajaj,Pulsar N250,Electrical,Indicator
Bajaj,Pulsar N250,Electrical,Battery
Bajaj,Pulsar N250,Body,Side Panel
Bajaj,Pulsar N250,Body,Front Mudguard
Bajaj,Pulsar N250,Body,Rear Mudguard
Bajaj,Pulsar N250,Tyres,Front Tyre
Bajaj,Pulsar N250,Tyres,Rear Tyre
Bajaj,Pulsar N250,Tyres,Tube
Bajaj,Pulsar RS200,Engine,Piston
Bajaj,Pulsar RS200,Engine,Cylinder Kit
Bajaj,Pulsar RS200,Engine,Timing Chain
Bajaj,Pulsar RS200,Engine,Head Gasket
Bajaj,Pulsar RS200,Clutch,Clutch Plate
Bajaj,Pulsar RS200,Clutch,Pressure Plate
Bajaj,Pulsar RS200,Clutch,Clutch Cable
Bajaj,Pulsar RS200,Cables,Throttle Cable
Bajaj,Pulsar RS200,Cables,Brake Cable
Bajaj,Pulsar RS200,Cables,Clutch Cable
Bajaj,Pulsar RS200,Brakes,Disc Pad
Bajaj,Pulsar RS200,Brakes,Drum Shoe
Bajaj,Pulsar RS200,Brakes,Brake Lever
Bajaj,Pulsar RS200,Suspension,Front Fork
Bajaj,Pulsar RS200,Suspension,Rear Shock Absorber
Bajaj,Pulsar RS200,Electrical,Headlight
Bajaj,Pulsar RS200,Electrical,Tail Light
Bajaj,Pulsar RS200,Electrical,Indicator
Bajaj,Pulsar RS200,Electrical,Battery
Bajaj,Pulsar RS200,Body,Side Panel
Bajaj,Pulsar RS200,Body,Front Mudguard
Bajaj,Pulsar RS200,Body,Rear Mudguard
Bajaj,Pulsar RS200,Tyres,Front Tyre
Bajaj,Pulsar RS200,Tyres,Rear Tyre
Bajaj,Pulsar RS200,Tyres,Tube
Bajaj,Dominar 250,Engine,Piston
Bajaj,Dominar 250,Engine,Cylinder Kit
Bajaj,Dominar 250,Engine,Timing Chain
Bajaj,Dominar 250,Engine,Head Gasket
Bajaj,Dominar 250,Clutch,Clutch Plate
Bajaj,Dominar 250,Clutch,Pressure Plate
Bajaj,Dominar 250,Clutch,Clutch Cable
Bajaj,Dominar 250,Cables,Throttle Cable
Bajaj,Dominar 250,Cables,Brake Cable
Bajaj,Dominar 250,Cables,Clutch Cable
Bajaj,Dominar 250,Brakes,Disc Pad
Bajaj,Dominar 250,Brakes,Drum Shoe
Bajaj,Dominar 250,Brakes,Brake Lever
Bajaj,Dominar 250,Suspension,Front Fork
Bajaj,Dominar 250,Suspension,Rear Shock Absorber
Bajaj,Dominar 250,Electrical,Headlight
Bajaj,Dominar 250,Electrical,Tail Light
Bajaj,Dominar 250,Electrical,Indicator
Bajaj,Dominar 250,Electrical,Battery
Bajaj,Dominar 250,Body,Side Panel
Bajaj,Dominar 250,Body,Front Mudguard
Bajaj,Dominar 250,Body,Rear Mudguard
Bajaj,Dominar 250,Tyres,Front Tyre
Bajaj,Dominar 250,Tyres,Rear Tyre
Bajaj,Dominar 250,Tyres,Tube
Bajaj,Dominar 400,Engine,Piston
Bajaj,Dominar 400,Engine,Cylinder Kit
Bajaj,Dominar 400,Engine,Timing Chain
Bajaj,Dominar 400,Engine,Head Gasket
Bajaj,Dominar 400,Clutch,Clutch Plate
Bajaj,Dominar 400,Clutch,Pressure Plate
Bajaj,Dominar 400,Clutch,Clutch Cable
Bajaj,Dominar 400,Cables,Throttle Cable
Bajaj,Dominar 400,Cables,Brake Cable
Bajaj,Dominar 400,Cables,Clutch Cable
Bajaj,Dominar 400,Brakes,Disc Pad
Bajaj,Dominar 400,Brakes,Drum Shoe
Bajaj,Dominar 400,Brakes,Brake Lever
Bajaj,Dominar 400,Suspension,Front Fork
Bajaj,Dominar 400,Suspension,Rear Shock Absorber
Bajaj,Dominar 400,Electrical,Headlight
Bajaj,Dominar 400,Electrical,Tail Light
Bajaj,Dominar 400,Electrical,Indicator
Bajaj,Dominar 400,Electrical,Battery
Bajaj,Dominar 400,Body,Side Panel
Bajaj,Dominar 400,Body,Front Mudguard
Bajaj,Dominar 400,Body,Rear Mudguard
Bajaj,Dominar 400,Tyres,Front Tyre
Bajaj,Dominar 400,Tyres,Rear Tyre
Bajaj,Dominar 400,Tyres,Tube
Bajaj,Avenger 160,Engine,Piston
Bajaj,Avenger 160,Engine,Cylinder Kit
Bajaj,Avenger 160,Engine,Timing Chain
Bajaj,Avenger 160,Engine,Head Gasket
Bajaj,Avenger 160,Clutch,Clutch Plate
Bajaj,Avenger 160,Clutch,Pressure Plate
Bajaj,Avenger 160,Clutch,Clutch Cable
Bajaj,Avenger 160,Cables,Throttle Cable
Bajaj,Avenger 160,Cables,Brake Cable
Bajaj,Avenger 160,Cables,Clutch Cable
Bajaj,Avenger 160,Brakes,Disc Pad
Bajaj,Avenger 160,Brakes,Drum Shoe
Bajaj,Avenger 160,Brakes,Brake Lever
Bajaj,Avenger 160,Suspension,Front Fork
Bajaj,Avenger 160,Suspension,Rear Shock Absorber
Bajaj,Avenger 160,Electrical,Headlight
Bajaj,Avenger 160,Electrical,Tail Light
Bajaj,Avenger 160,Electrical,Indicator
Bajaj,Avenger 160,Electrical,Battery
Bajaj,Avenger 160,Body,Side Panel
Bajaj,Avenger 160,Body,Front Mudguard
Bajaj,Avenger 160,Body,Rear Mudguard
Bajaj,Avenger 160,Tyres,Front Tyre
Bajaj,Avenger 160,Tyres,Rear Tyre
Bajaj,Avenger 160,Tyres,Tube
Bajaj,Avenger 220,Engine,Piston
Bajaj,Avenger 220,Engine,Cylinder Kit
Bajaj,Avenger 220,Engine,Timing Chain
Bajaj,Avenger 220,Engine,Head Gasket
Bajaj,Avenger 220,Clutch,Clutch Plate
Bajaj,Avenger 220,Clutch,Pressure Plate
Bajaj,Avenger 220,Clutch,Clutch Cable
Bajaj,Avenger 220,Cables,Throttle Cable
Bajaj,Avenger 220,Cables,Brake Cable
Bajaj,Avenger 220,Cables,Clutch Cable
Bajaj,Avenger 220,Brakes,Disc Pad
Bajaj,Avenger 220,Brakes,Drum Shoe
Bajaj,Avenger 220,Brakes,Brake Lever
Bajaj,Avenger 220,Suspension,Front Fork
Bajaj,Avenger 220,Suspension,Rear Shock Absorber
Bajaj,Avenger 220,Electrical,Headlight
Bajaj,Avenger 220,Electrical,Tail Light
Bajaj,Avenger 220,Electrical,Indicator
Bajaj,Avenger 220,Electrical,Battery
Bajaj,Avenger 220,Body,Side Panel
Bajaj,Avenger 220,Body,Front Mudguard
Bajaj,Avenger 220,Body,Rear Mudguard
Bajaj,Avenger 220,Tyres,Front Tyre
Bajaj,Avenger 220,Tyres,Rear Tyre
Bajaj,Avenger 220,Tyres,Tube
Bajaj,CT100,Engine,Piston
Bajaj,CT100,Engine,Cylinder Kit
Bajaj,CT100,Engine,Timing Chain
Bajaj,CT100,Engine,Head Gasket
Bajaj,CT100,Clutch,Clutch Plate
Bajaj,CT100,Clutch,Pressure Plate
Bajaj,CT100,Clutch,Clutch Cable
Bajaj,CT100,Cables,Throttle Cable
Bajaj,CT100,Cables,Brake Cable
Bajaj,CT100,Cables,Clutch Cable
Bajaj,CT100,Brakes,Disc Pad
Bajaj,CT100,Brakes,Drum Shoe
Bajaj,CT100,Brakes,Brake Lever
Bajaj,CT100,Suspension,Front Fork
Bajaj,CT100,Suspension,Rear Shock Absorber
Bajaj,CT100,Electrical,Headlight
Bajaj,CT100,Electrical,Tail Light
Bajaj,CT100,Electrical,Indicator
Bajaj,CT100,Electrical,Battery
Bajaj,CT100,Body,Side Panel
Bajaj,CT100,Body,Front Mudguard
Bajaj,CT100,Body,Rear Mudguard
Bajaj,CT100,Tyres,Front Tyre
Bajaj,CT100,Tyres,Rear Tyre
Bajaj,CT100,Tyres,Tube
Bajaj,CT110,Engine,Piston
Bajaj,CT110,Engine,Cylinder Kit
Bajaj,CT110,Engine,Timing Chain
Bajaj,CT110,Engine,Head Gasket
Bajaj,CT110,Clutch,Clutch Plate
Bajaj,CT110,Clutch,Pressure Plate
Bajaj,CT110,Clutch,Clutch Cable
Bajaj,CT110,Cables,Throttle Cable
Bajaj,CT110,Cables,Brake Cable
Bajaj,CT110,Cables,Clutch Cable
Bajaj,CT110,Brakes,Disc Pad
Bajaj,CT110,Brakes,Drum Shoe
Bajaj,CT110,Brakes,Brake Lever
Bajaj,CT110,Suspension,Front Fork
Bajaj,CT110,Suspension,Rear Shock Absorber
Bajaj,CT110,Electrical,Headlight
Bajaj,CT110,Electrical,Tail Light
Bajaj,CT110,Electrical,Indicator
Bajaj,CT110,Electrical,Battery
Bajaj,CT110,Body,Side Panel
Bajaj,CT110,Body,Front Mudguard
Bajaj,CT110,Body,Rear Mudguard
Bajaj,CT110,Tyres,Front Tyre
Bajaj,CT110,Tyres,Rear Tyre
Bajaj,CT110,Tyres,Tube
Bajaj,Platina 100,Engine,Piston
Bajaj,Platina 100,Engine,Cylinder Kit
Bajaj,Platina 100,Engine,Timing Chain
Bajaj,Platina 100,Engine,Head Gasket
Bajaj,Platina 100,Clutch,Clutch Plate
Bajaj,Platina 100,Clutch,Pressure Plate
Bajaj,Platina 100,Clutch,Clutch Cable
Bajaj,Platina 100,Cables,Throttle Cable
Bajaj,Platina 100,Cables,Brake Cable
Bajaj,Platina 100,Cables,Clutch Cable
Bajaj,Platina 100,Brakes,Disc Pad
Bajaj,Platina 100,Brakes,Drum Shoe
Bajaj,Platina 100,Brakes,Brake Lever
Bajaj,Platina 100,Suspension,Front Fork
Bajaj,Platina 100,Suspension,Rear Shock Absorber
Bajaj,Platina 100,Electrical,Headlight
Bajaj,Platina 100,Electrical,Tail Light
Bajaj,Platina 100,Electrical,Indicator
Bajaj,Platina 100,Electrical,Battery
Bajaj,Platina 100,Body,Side Panel
Bajaj,Platina 100,Body,Front Mudguard
Bajaj,Platina 100,Body,Rear Mudguard
Bajaj,Platina 100,Tyres,Front Tyre
Bajaj,Platina 100,Tyres,Rear Tyre
Bajaj,Platina 100,Tyres,Tube
Bajaj,Platina 110 H-Gear,Engine,Piston
Bajaj,Platina 110 H-Gear,Engine,Cylinder Kit
Bajaj,Platina 110 H-Gear,Engine,Timing Chain
Bajaj,Platina 110 H-Gear,Engine,Head Gasket
Bajaj,Platina 110 H-Gear,Clutch,Clutch Plate
Bajaj,Platina 110 H-Gear,Clutch,Pressure Plate
Bajaj,Platina 110 H-Gear,Clutch,Clutch Cable
Bajaj,Platina 110 H-Gear,Cables,Throttle Cable
Bajaj,Platina 110 H-Gear,Cables,Brake Cable
Bajaj,Platina 110 H-Gear,Cables,Clutch Cable
Bajaj,Platina 110 H-Gear,Brakes,Disc Pad
Bajaj,Platina 110 H-Gear,Brakes,Drum Shoe
Bajaj,Platina 110 H-Gear,Brakes,Brake Lever
Bajaj,Platina 110 H-Gear,Suspension,Front Fork
Bajaj,Platina 110 H-Gear,Suspension,Rear Shock Absorber
Bajaj,Platina 110 H-Gear,Electrical,Headlight
Bajaj,Platina 110 H-Gear,Electrical,Tail Light
Bajaj,Platina 110 H-Gear,Electrical,Indicator
Bajaj,Platina 110 H-Gear,Electrical,Battery
Bajaj,Platina 110 H-Gear,Body,Side Panel
Bajaj,Platina 110 H-Gear,Body,Front Mudguard
Bajaj,Platina 110 H-Gear,Body,Rear Mudguard
Bajaj,Platina 110 H-Gear,Tyres,Front Tyre
Bajaj,Platina 110 H-Gear,Tyres,Rear Tyre
Bajaj,Platina 110 H-Gear,Tyres,Tube
Bajaj,Discover 125,Engine,Piston
Bajaj,Discover 125,Engine,Cylinder Kit
Bajaj,Discover 125,Engine,Timing Chain
Bajaj,Discover 125,Engine,Head Gasket
Bajaj,Discover 125,Clutch,Clutch Plate
Bajaj,Discover 125,Clutch,Pressure Plate
Bajaj,Discover 125,Clutch,Clutch Cable
Bajaj,Discover 125,Cables,Throttle Cable
Bajaj,Discover 125,Cables,Brake Cable
Bajaj,Discover 125,Cables,Clutch Cable
Bajaj,Discover 125,Brakes,Disc Pad
Bajaj,Discover 125,Brakes,Drum Shoe
Bajaj,Discover 125,Brakes,Brake Lever
Bajaj,Discover 125,Suspension,Front Fork
Bajaj,Discover 125,Suspension,Rear Shock Absorber
Bajaj,Discover 125,Electrical,Headlight
Bajaj,Discover 125,Electrical,Tail Light
Bajaj,Discover 125,Electrical,Indicator
Bajaj,Discover 125,Electrical,Battery
Bajaj,Discover 125,Body,Side Panel
Bajaj,Discover 125,Body,Front Mudguard
Bajaj,Discover 125,Body,Rear Mudguard
Bajaj,Discover 125,Tyres,Front Tyre
Bajaj,Discover 125,Tyres,Rear Tyre
Bajaj,Discover 125,Tyres,Tube
Bajaj,Discover 150,Engine,Piston
Bajaj,Discover 150,Engine,Cylinder Kit
Bajaj,Discover 150,Engine,Timing Chain
Bajaj,Discover 150,Engine,Head Gasket
Bajaj,Discover 150,Clutch,Clutch Plate
Bajaj,Discover 150,Clutch,Pressure Plate
Bajaj,Discover 150,Clutch,Clutch Cable
Bajaj,Discover 150,Cables,Throttle Cable
Bajaj,Discover 150,Cables,Brake Cable
Bajaj,Discover 150,Cables,Clutch Cable
Bajaj,Discover 150,Brakes,Disc Pad
Bajaj,Discover 150,Brakes,Drum Shoe
Bajaj,Discover 150,Brakes,Brake Lever
Bajaj,Discover 150,Suspension,Front Fork
Bajaj,Discover 150,Suspension,Rear Shock Absorber
Bajaj,Discover 150,Electrical,Headlight
Bajaj,Discover 150,Electrical,Tail Light
Bajaj,Discover 150,Electrical,Indicator
Bajaj,Discover 150,Electrical,Battery
Bajaj,Discover 150,Body,Side Panel
Bajaj,Discover 150,Body,Front Mudguard
Bajaj,Discover 150,Body,Rear Mudguard
Bajaj,Discover 150,Tyres,Front Tyre
Bajaj,Discover 150,Tyres,Rear Tyre
Bajaj,Discover 150,Tyres,Tube
TVS,Sport,Engine,Piston
TVS,Sport,Engine,Cylinder Kit
TVS,Sport,Engine,Timing Chain
TVS,Sport,Engine,Head Gasket
TVS,Sport,Clutch,Clutch Plate
TVS,Sport,Clutch,Pressure Plate
TVS,Sport,Clutch,Clutch Cable
TVS,Sport,Cables,Throttle Cable
TVS,Sport,Cables,Brake Cable
TVS,Sport,Cables,Clutch Cable
TVS,Sport,Brakes,Disc Pad
TVS,Sport,Brakes,Drum Shoe
TVS,Sport,Brakes,Brake Lever
TVS,Sport,Suspension,Front Fork
TVS,Sport,Suspension,Rear Shock Absorber
TVS,Sport,Electrical,Headlight
TVS,Sport,Electrical,Tail Light
TVS,Sport,Electrical,Indicator
TVS,Sport,Electrical,Battery
TVS,Sport,Body,Side Panel
TVS,Sport,Body,Front Mudguard
TVS,Sport,Body,Rear Mudguard
TVS,Sport,Tyres,Front Tyre
TVS,Sport,Tyres,Rear Tyre
TVS,Sport,Tyres,Tube
TVS,Star City Plus,Engine,Piston
TVS,Star City Plus,Engine,Cylinder Kit
TVS,Star City Plus,Engine,Timing Chain
TVS,Star City Plus,Engine,Head Gasket
TVS,Star City Plus,Clutch,Clutch Plate
TVS,Star City Plus,Clutch,Pressure Plate
TVS,Star City Plus,Clutch,Clutch Cable
TVS,Star City Plus,Cables,Throttle Cable
TVS,Star City Plus,Cables,Brake Cable
TVS,Star City Plus,Cables,Clutch Cable
TVS,Star City Plus,Brakes,Disc Pad
TVS,Star City Plus,Brakes,Drum Shoe
TVS,Star City Plus,Brakes,Brake Lever
TVS,Star City Plus,Suspension,Front Fork
TVS,Star City Plus,Suspension,Rear Shock Absorber
TVS,Star City Plus,Electrical,Headlight
TVS,Star City Plus,Electrical,Tail Light
TVS,Star City Plus,Electrical,Indicator
TVS,Star City Plus,Electrical,Battery
TVS,Star City Plus,Body,Side Panel
TVS,Star City Plus,Body,Front Mudguard
TVS,Star City Plus,Body,Rear Mudguard
TVS,Star City Plus,Tyres,Front Tyre
TVS,Star City Plus,Tyres,Rear Tyre
TVS,Star City Plus,Tyres,Tube
TVS,Radeon,Engine,Piston
TVS,Radeon,Engine,Cylinder Kit
TVS,Radeon,Engine,Timing Chain
TVS,Radeon,Engine,Head Gasket
TVS,Radeon,Clutch,Clutch Plate
TVS,Radeon,Clutch,Pressure Plate
TVS,Radeon,Clutch,Clutch Cable
TVS,Radeon,Cables,Throttle Cable
TVS,Radeon,Cables,Brake Cable
TVS,Radeon,Cables,Clutch Cable
TVS,Radeon,Brakes,Disc Pad
TVS,Radeon,Brakes,Drum Shoe
TVS,Radeon,Brakes,Brake Lever
TVS,Radeon,Suspension,Front Fork
TVS,Radeon,Suspension,Rear Shock Absorber
TVS,Radeon,Electrical,Headlight
TVS,Radeon,Electrical,Tail Light
TVS,Radeon,Electrical,Indicator
TVS,Radeon,Electrical,Battery
TVS,Radeon,Body,Side Panel
TVS,Radeon,Body,Front Mudguard
TVS,Radeon,Body,Rear Mudguard
TVS,Radeon,Tyres,Front Tyre
TVS,Radeon,Tyres,Rear Tyre
TVS,Radeon,Tyres,Tube
TVS,Apache RTR 160,Engine,Piston
TVS,Apache RTR 160,Engine,Cylinder Kit
TVS,Apache RTR 160,Engine,Timing Chain
TVS,Apache RTR 160,Engine,Head Gasket
TVS,Apache RTR 160,Clutch,Clutch Plate
TVS,Apache RTR 160,Clutch,Pressure Plate
TVS,Apache RTR 160,Clutch,Clutch Cable
TVS,Apache RTR 160,Cables,Throttle Cable
TVS,Apache RTR 160,Cables,Brake Cable
TVS,Apache RTR 160,Cables,Clutch Cable
TVS,Apache RTR 160,Brakes,Disc Pad
TVS,Apache RTR 160,Brakes,Drum Shoe
TVS,Apache RTR 160,Brakes,Brake Lever
TVS,Apache RTR 160,Suspension,Front Fork
TVS,Apache RTR 160,Suspension,Rear Shock Absorber
TVS,Apache RTR 160,Electrical,Headlight
TVS,Apache RTR 160,Electrical,Tail Light
TVS,Apache RTR 160,Electrical,Indicator
TVS,Apache RTR 160,Electrical,Battery
TVS,Apache RTR 160,Body,Side Panel
TVS,Apache RTR 160,Body,Front Mudguard
TVS,Apache RTR 160,Body,Rear Mudguard
TVS,Apache RTR 160,Tyres,Front Tyre
TVS,Apache RTR 160,Tyres,Rear Tyre
TVS,Apache RTR 160,Tyres,Tube
TVS,Apache RTR 160 4V,Engine,Piston
TVS,Apache RTR 160 4V,Engine,Cylinder Kit
TVS,Apache RTR 160 4V,Engine,Timing Chain
TVS,Apache RTR 160 4V,Engine,Head Gasket
TVS,Apache RTR 160 4V,Clutch,Clutch Plate
TVS,Apache RTR 160 4V,Clutch,Pressure Plate
TVS,Apache RTR 160 4V,Clutch,Clutch Cable
TVS,Apache RTR 160 4V,Cables,Throttle Cable
TVS,Apache RTR 160 4V,Cables,Brake Cable
TVS,Apache RTR 160 4V,Cables,Clutch Cable
TVS,Apache RTR 160 4V,Brakes,Disc Pad
TVS,Apache RTR 160 4V,Brakes,Drum Shoe
TVS,Apache RTR 160 4V,Brakes,Brake Lever
TVS,Apache RTR 160 4V,Suspension,Front Fork
TVS,Apache RTR 160 4V,Suspension,Rear Shock Absorber
TVS,Apache RTR 160 4V,Electrical,Headlight
TVS,Apache RTR 160 4V,Electrical,Tail Light
TVS,Apache RTR 160 4V,Electrical,Indicator
TVS,Apache RTR 160 4V,Electrical,Battery
TVS,Apache RTR 160 4V,Body,Side Panel
TVS,Apache RTR 160 4V,Body,Front Mudguard
TVS,Apache RTR 160 4V,Body,Rear Mudguard
TVS,Apache RTR 160 4V,Tyres,Front Tyre
TVS,Apache RTR 160 4V,Tyres,Rear Tyre
TVS,Apache RTR 160 4V,Tyres,Tube
TVS,Apache RTR 180,Engine,Piston
TVS,Apache RTR 180,Engine,Cylinder Kit
TVS,Apache RTR 180,Engine,Timing Chain
TVS,Apache RTR 180,Engine,Head Gasket
TVS,Apache RTR 180,Clutch,Clutch Plate
TVS,Apache RTR 180,Clutch,Pressure Plate
TVS,Apache RTR 180,Clutch,Clutch Cable
TVS,Apache RTR 180,Cables,Throttle Cable
TVS,Apache RTR 180,Cables,Brake Cable
TVS,Apache RTR 180,Cables,Clutch Cable
TVS,Apache RTR 180,Brakes,Disc Pad
TVS,Apache RTR 180,Brakes,Drum Shoe
TVS,Apache RTR 180,Brakes,Brake Lever
TVS,Apache RTR 180,Suspension,Front Fork
TVS,Apache RTR 180,Suspension,Rear Shock Absorber
TVS,Apache RTR 180,Electrical,Headlight
TVS,Apache RTR 180,Electrical,Tail Light
TVS,Apache RTR 180,Electrical,Indicator
TVS,Apache RTR 180,Electrical,Battery
TVS,Apache RTR 180,Body,Side Panel
TVS,Apache RTR 180,Body,Front Mudguard
TVS,Apache RTR 180,Body,Rear Mudguard
TVS,Apache RTR 180,Tyres,Front Tyre
TVS,Apache RTR 180,Tyres,Rear Tyre
TVS,Apache RTR 180,Tyres,Tube
TVS,Apache RTR 200 4V,Engine,Piston
TVS,Apache RTR 200 4V,Engine,Cylinder Kit
TVS,Apache RTR 200 4V,Engine,Timing Chain
TVS,Apache RTR 200 4V,Engine,Head Gasket
TVS,Apache RTR 200 4V,Clutch,Clutch Plate
TVS,Apache RTR 200 4V,Clutch,Pressure Plate
TVS,Apache RTR 200 4V,Clutch,Clutch Cable
TVS,Apache RTR 200 4V,Cables,Throttle Cable
TVS,Apache RTR 200 4V,Cables,Brake Cable
TVS,Apache RTR 200 4V,Cables,Clutch Cable
TVS,Apache RTR 200 4V,Brakes,Disc Pad
TVS,Apache RTR 200 4V,Brakes,Drum Shoe
TVS,Apache RTR 200 4V,Brakes,Brake Lever
TVS,Apache RTR 200 4V,Suspension,Front Fork
TVS,Apache RTR 200 4V,Suspension,Rear Shock Absorber
TVS,Apache RTR 200 4V,Electrical,Headlight
TVS,Apache RTR 200 4V,Electrical,Tail Light
TVS,Apache RTR 200 4V,Electrical,Indicator
TVS,Apache RTR 200 4V,Electrical,Battery
TVS,Apache RTR 200 4V,Body,Side Panel
TVS,Apache RTR 200 4V,Body,Front Mudguard
TVS,Apache RTR 200 4V,Body,Rear Mudguard
TVS,Apache RTR 200 4V,Tyres,Front Tyre
TVS,Apache RTR 200 4V,Tyres,Rear Tyre
TVS,Apache RTR 200 4V,Tyres,Tube
TVS,Apache RR 310,Engine,Piston
TVS,Apache RR 310,Engine,Cylinder Kit
TVS,Apache RR 310,Engine,Timing Chain
TVS,Apache RR 310,Engine,Head Gasket
TVS,Apache RR 310,Clutch,Clutch Plate
TVS,Apache RR 310,Clutch,Pressure Plate
TVS,Apache RR 310,Clutch,Clutch Cable
TVS,Apache RR 310,Cables,Throttle Cable
TVS,Apache RR 310,Cables,Brake Cable
TVS,Apache RR 310,Cables,Clutch Cable
TVS,Apache RR 310,Brakes,Disc Pad
TVS,Apache RR 310,Brakes,Drum Shoe
TVS,Apache RR 310,Brakes,Brake Lever
TVS,Apache RR 310,Suspension,Front Fork
TVS,Apache RR 310,Suspension,Rear Shock Absorber
TVS,Apache RR 310,Electrical,Headlight
TVS,Apache RR 310,Electrical,Tail Light
TVS,Apache RR 310,Electrical,Indicator
TVS,Apache RR 310,Electrical,Battery
TVS,Apache RR 310,Body,Side Panel
TVS,Apache RR 310,Body,Front Mudguard
TVS,Apache RR 310,Body,Rear Mudguard
TVS,Apache RR 310,Tyres,Front Tyre
TVS,Apache RR 310,Tyres,Rear Tyre
TVS,Apache RR 310,Tyres,Tube
TVS,Raider 125,Engine,Piston
TVS,Raider 125,Engine,Cylinder Kit
TVS,Raider 125,Engine,Timing Chain
TVS,Raider 125,Engine,Head Gasket
TVS,Raider 125,Clutch,Clutch Plate
TVS,Raider 125,Clutch,Pressure Plate
TVS,Raider 125,Clutch,Clutch Cable
TVS,Raider 125,Cables,Throttle Cable
TVS,Raider 125,Cables,Brake Cable
TVS,Raider 125,Cables,Clutch Cable
TVS,Raider 125,Brakes,Disc Pad
TVS,Raider 125,Brakes,Drum Shoe
TVS,Raider 125,Brakes,Brake Lever
TVS,Raider 125,Suspension,Front Fork
TVS,Raider 125,Suspension,Rear Shock Absorber
TVS,Raider 125,Electrical,Headlight
TVS,Raider 125,Electrical,Tail Light
TVS,Raider 125,Electrical,Indicator
TVS,Raider 125,Electrical,Battery
TVS,Raider 125,Body,Side Panel
TVS,Raider 125,Body,Front Mudguard
TVS,Raider 125,Body,Rear Mudguard
TVS,Raider 125,Tyres,Front Tyre
TVS,Raider 125,Tyres,Rear Tyre
TVS,Raider 125,Tyres,Tube
TVS,Ronin,Engine,Piston
TVS,Ronin,Engine,Cylinder Kit
TVS,Ronin,Engine,Timing Chain
TVS,Ronin,Engine,Head Gasket
TVS,Ronin,Clutch,Clutch Plate
TVS,Ronin,Clutch,Pressure Plate
TVS,Ronin,Clutch,Clutch Cable
TVS,Ronin,Cables,Throttle Cable
TVS,Ronin,Cables,Brake Cable
TVS,Ronin,Cables,Clutch Cable
TVS,Ronin,Brakes,Disc Pad
TVS,Ronin,Brakes,Drum Shoe
TVS,Ronin,Brakes,Brake Lever
TVS,Ronin,Suspension,Front Fork
TVS,Ronin,Suspension,Rear Shock Absorber
TVS,Ronin,Electrical,Headlight
TVS,Ronin,Electrical,Tail Light
TVS,Ronin,Electrical,Indicator
TVS,Ronin,Electrical,Battery
TVS,Ronin,Body,Side Panel
TVS,Ronin,Body,Front Mudguard
TVS,Ronin,Body,Rear Mudguard
TVS,Ronin,Tyres,Front Tyre
TVS,Ronin,Tyres,Rear Tyre
TVS,Ronin,Tyres,Tube
TVS,XL100,Engine,Piston
TVS,XL100,Engine,Cylinder Kit
TVS,XL100,Engine,Timing Chain
TVS,XL100,Engine,Head Gasket
TVS,XL100,Clutch,Clutch Plate
TVS,XL100,Clutch,Pressure Plate
TVS,XL100,Clutch,Clutch Cable
TVS,XL100,Cables,Throttle Cable
TVS,XL100,Cables,Brake Cable
TVS,XL100,Cables,Clutch Cable
TVS,XL100,Brakes,Disc Pad
TVS,XL100,Brakes,Drum Shoe
TVS,XL100,Brakes,Brake Lever
TVS,XL100,Suspension,Front Fork
TVS,XL100,Suspension,Rear Shock Absorber
TVS,XL100,Electrical,Headlight
TVS,XL100,Electrical,Tail Light
TVS,XL100,Electrical,Indicator
TVS,XL100,Electrical,Battery
TVS,XL100,Body,Side Panel
TVS,XL100,Body,Front Mudguard
TVS,XL100,Body,Rear Mudguard
TVS,XL100,Tyres,Front Tyre
TVS,XL100,Tyres,Rear Tyre
TVS,XL100,Tyres,Tube
TVS,Scooty Pep+,Engine,Piston
TVS,Scooty Pep+,Engine,Cylinder Kit
TVS,Scooty Pep+,Engine,Timing Chain
TVS,Scooty Pep+,Engine,Head Gasket
TVS,Scooty Pep+,Clutch,Clutch Plate
TVS,Scooty Pep+,Clutch,Pressure Plate
TVS,Scooty Pep+,Clutch,Clutch Cable
TVS,Scooty Pep+,Cables,Throttle Cable
TVS,Scooty Pep+,Cables,Brake Cable
TVS,Scooty Pep+,Cables,Clutch Cable
TVS,Scooty Pep+,Brakes,Disc Pad
TVS,Scooty Pep+,Brakes,Drum Shoe
TVS,Scooty Pep+,Brakes,Brake Lever
TVS,Scooty Pep+,Suspension,Front Fork
TVS,Scooty Pep+,Suspension,Rear Shock Absorber
TVS,Scooty Pep+,Electrical,Headlight
TVS,Scooty Pep+,Electrical,Tail Light
TVS,Scooty Pep+,Electrical,Indicator
TVS,Scooty Pep+,Electrical,Battery
TVS,Scooty Pep+,Body,Side Panel
TVS,Scooty Pep+,Body,Front Mudguard
TVS,Scooty Pep+,Body,Rear Mudguard
TVS,Scooty Pep+,Tyres,Front Tyre
TVS,Scooty Pep+,Tyres,Rear Tyre
TVS,Scooty Pep+,Tyres,Tube
TVS,Zest 110,Engine,Piston
TVS,Zest 110,Engine,Cylinder Kit
TVS,Zest 110,Engine,Timing Chain
TVS,Zest 110,Engine,Head Gasket
TVS,Zest 110,Clutch,Clutch Plate
TVS,Zest 110,Clutch,Pressure Plate
TVS,Zest 110,Clutch,Clutch Cable
TVS,Zest 110,Cables,Throttle Cable
TVS,Zest 110,Cables,Brake Cable
TVS,Zest 110,Cables,Clutch Cable
TVS,Zest 110,Brakes,Disc Pad
TVS,Zest 110,Brakes,Drum Shoe
TVS,Zest 110,Brakes,Brake Lever
TVS,Zest 110,Suspension,Front Fork
TVS,Zest 110,Suspension,Rear Shock Absorber
TVS,Zest 110,Electrical,Headlight
TVS,Zest 110,Electrical,Tail Light
TVS,Zest 110,Electrical,Indicator
TVS,Zest 110,Electrical,Battery
TVS,Zest 110,Body,Side Panel
TVS,Zest 110,Body,Front Mudguard
TVS,Zest 110,Body,Rear Mudguard
TVS,Zest 110,Tyres,Front Tyre
TVS,Zest 110,Tyres,Rear Tyre
TVS,Zest 110,Tyres,Tube
TVS,Jupiter 110,Engine,Piston
TVS,Jupiter 110,Engine,Cylinder Kit
TVS,Jupiter 110,Engine,Timing Chain
TVS,Jupiter 110,Engine,Head Gasket
TVS,Jupiter 110,Clutch,Clutch Plate
TVS,Jupiter 110,Clutch,Pressure Plate
TVS,Jupiter 110,Clutch,Clutch Cable
TVS,Jupiter 110,Cables,Throttle Cable
TVS,Jupiter 110,Cables,Brake Cable
TVS,Jupiter 110,Cables,Clutch Cable
TVS,Jupiter 110,Brakes,Disc Pad
TVS,Jupiter 110,Brakes,Drum Shoe
TVS,Jupiter 110,Brakes,Brake Lever
TVS,Jupiter 110,Suspension,Front Fork
TVS,Jupiter 110,Suspension,Rear Shock Absorber
TVS,Jupiter 110,Electrical,Headlight
TVS,Jupiter 110,Electrical,Tail Light
TVS,Jupiter 110,Electrical,Indicator
TVS,Jupiter 110,Electrical,Battery
TVS,Jupiter 110,Body,Side Panel
TVS,Jupiter 110,Body,Front Mudguard
TVS,Jupiter 110,Body,Rear Mudguard
TVS,Jupiter 110,Tyres,Front Tyre
TVS,Jupiter 110,Tyres,Rear Tyre
TVS,Jupiter 110,Tyres,Tube
TVS,Jupiter 125,Engine,Piston
TVS,Jupiter 125,Engine,Cylinder Kit
TVS,Jupiter 125,Engine,Timing Chain
TVS,Jupiter 125,Engine,Head Gasket
TVS,Jupiter 125,Clutch,Clutch Plate
TVS,Jupiter 125,Clutch,Pressure Plate
TVS,Jupiter 125,Clutch,Clutch Cable
TVS,Jupiter 125,Cables,Throttle Cable
TVS,Jupiter 125,Cables,Brake Cable
TVS,Jupiter 125,Cables,Clutch Cable
TVS,Jupiter 125,Brakes,Disc Pad
TVS,Jupiter 125,Brakes,Drum Shoe
TVS,Jupiter 125,Brakes,Brake Lever
TVS,Jupiter 125,Suspension,Front Fork
TVS,Jupiter 125,Suspension,Rear Shock Absorber
TVS,Jupiter 125,Electrical,Headlight
TVS,Jupiter 125,Electrical,Tail Light
TVS,Jupiter 125,Electrical,Indicator
TVS,Jupiter 125,Electrical,Battery
TVS,Jupiter 125,Body,Side Panel
TVS,Jupiter 125,Body,Front Mudguard
TVS,Jupiter 125,Body,Rear Mudguard
TVS,Jupiter 125,Tyres,Front Tyre
TVS,Jupiter 125,Tyres,Rear Tyre
TVS,Jupiter 125,Tyres,Tube
TVS,NTorq 125,Engine,Piston
TVS,NTorq 125,Engine,Cylinder Kit
TVS,NTorq 125,Engine,Timing Chain
TVS,NTorq 125,Engine,Head Gasket
TVS,NTorq 125,Clutch,Clutch Plate
TVS,NTorq 125,Clutch,Pressure Plate
TVS,NTorq 125,Clutch,Clutch Cable
TVS,NTorq 125,Cables,Throttle Cable
TVS,NTorq 125,Cables,Brake Cable
TVS,NTorq 125,Cables,Clutch Cable
TVS,NTorq 125,Brakes,Disc Pad
TVS,NTorq 125,Brakes,Drum Shoe
TVS,NTorq 125,Brakes,Brake Lever
TVS,NTorq 125,Suspension,Front Fork
TVS,NTorq 125,Suspension,Rear Shock Absorber
TVS,NTorq 125,Electrical,Headlight
TVS,NTorq 125,Electrical,Tail Light
TVS,NTorq 125,Electrical,Indicator
TVS,NTorq 125,Electrical,Battery
TVS,NTorq 125,Body,Side Panel
TVS,NTorq 125,Body,Front Mudguard
TVS,NTorq 125,Body,Rear Mudguard
TVS,NTorq 125,Tyres,Front Tyre
TVS,NTorq 125,Tyres,Rear Tyre
TVS,NTorq 125,Tyres,Tube
Honda,Shine 100,Engine,Piston
Honda,Shine 100,Engine,Cylinder Kit
Honda,Shine 100,Engine,Timing Chain
Honda,Shine 100,Engine,Head Gasket
Honda,Shine 100,Clutch,Clutch Plate
Honda,Shine 100,Clutch,Pressure Plate
Honda,Shine 100,Clutch,Clutch Cable
Honda,Shine 100,Cables,Throttle Cable
Honda,Shine 100,Cables,Brake Cable
Honda,Shine 100,Cables,Clutch Cable
Honda,Shine 100,Brakes,Disc Pad
Honda,Shine 100,Brakes,Drum Shoe
Honda,Shine 100,Brakes,Brake Lever
Honda,Shine 100,Suspension,Front Fork
Honda,Shine 100,Suspension,Rear Shock Absorber
Honda,Shine 100,Electrical,Headlight
Honda,Shine 100,Electrical,Tail Light
Honda,Shine 100,Electrical,Indicator
Honda,Shine 100,Electrical,Battery
Honda,Shine 100,Body,Side Panel
Honda,Shine 100,Body,Front Mudguard
Honda,Shine 100,Body,Rear Mudguard
Honda,Shine 100,Tyres,Front Tyre
Honda,Shine 100,Tyres,Rear Tyre
Honda,Shine 100,Tyres,Tube
Honda,Shine 125,Engine,Piston
Honda,Shine 125,Engine,Cylinder Kit
Honda,Shine 125,Engine,Timing Chain
Honda,Shine 125,Engine,Head Gasket
Honda,Shine 125,Clutch,Clutch Plate
Honda,Shine 125,Clutch,Pressure Plate
Honda,Shine 125,Clutch,Clutch Cable
Honda,Shine 125,Cables,Throttle Cable
Honda,Shine 125,Cables,Brake Cable
Honda,Shine 125,Cables,Clutch Cable
Honda,Shine 125,Brakes,Disc Pad
Honda,Shine 125,Brakes,Drum Shoe
Honda,Shine 125,Brakes,Brake Lever
Honda,Shine 125,Suspension,Front Fork
Honda,Shine 125,Suspension,Rear Shock Absorber
Honda,Shine 125,Electrical,Headlight
Honda,Shine 125,Electrical,Tail Light
Honda,Shine 125,Electrical,Indicator
Honda,Shine 125,Electrical,Battery
Honda,Shine 125,Body,Side Panel
Honda,Shine 125,Body,Front Mudguard
Honda,Shine 125,Body,Rear Mudguard
Honda,Shine 125,Tyres,Front Tyre
Honda,Shine 125,Tyres,Rear Tyre
Honda,Shine 125,Tyres,Tube
Honda,SP 125,Engine,Piston
Honda,SP 125,Engine,Cylinder Kit
Honda,SP 125,Engine,Timing Chain
Honda,SP 125,Engine,Head Gasket
Honda,SP 125,Clutch,Clutch Plate
Honda,SP 125,Clutch,Pressure Plate
Honda,SP 125,Clutch,Clutch Cable
Honda,SP 125,Cables,Throttle Cable
Honda,SP 125,Cables,Brake Cable
Honda,SP 125,Cables,Clutch Cable
Honda,SP 125,Brakes,Disc Pad
Honda,SP 125,Brakes,Drum Shoe
Honda,SP 125,Brakes,Brake Lever
Honda,SP 125,Suspension,Front Fork
Honda,SP 125,Suspension,Rear Shock Absorber
Honda,SP 125,Electrical,Headlight
Honda,SP 125,Electrical,Tail Light
Honda,SP 125,Electrical,Indicator
Honda,SP 125,Electrical,Battery
Honda,SP 125,Body,Side Panel
Honda,SP 125,Body,Front Mudguard
Honda,SP 125,Body,Rear Mudguard
Honda,SP 125,Tyres,Front Tyre
Honda,SP 125,Tyres,Rear Tyre
Honda,SP 125,Tyres,Tube
Honda,Unicorn,Engine,Piston
Honda,Unicorn,Engine,Cylinder Kit
Honda,Unicorn,Engine,Timing Chain
Honda,Unicorn,Engine,Head Gasket
Honda,Unicorn,Clutch,Clutch Plate
Honda,Unicorn,Clutch,Pressure Plate
Honda,Unicorn,Clutch,Clutch Cable
Honda,Unicorn,Cables,Throttle Cable
Honda,Unicorn,Cables,Brake Cable
Honda,Unicorn,Cables,Clutch Cable
Honda,Unicorn,Brakes,Disc Pad
Honda,Unicorn,Brakes,Drum Shoe
Honda,Unicorn,Brakes,Brake Lever
Honda,Unicorn,Suspension,Front Fork
Honda,Unicorn,Suspension,Rear Shock Absorber
Honda,Unicorn,Electrical,Headlight
Honda,Unicorn,Electrical,Tail Light
Honda,Unicorn,Electrical,Indicator
Honda,Unicorn,Electrical,Battery
Honda,Unicorn,Body,Side Panel
Honda,Unicorn,Body,Front Mudguard
Honda,Unicorn,Body,Rear Mudguard
Honda,Unicorn,Tyres,Front Tyre
Honda,Unicorn,Tyres,Rear Tyre
Honda,Unicorn,Tyres,Tube
Honda,XBlade,Engine,Piston
Honda,XBlade,Engine,Cylinder Kit
Honda,XBlade,Engine,Timing Chain
Honda,XBlade,Engine,Head Gasket
Honda,XBlade,Clutch,Clutch Plate
Honda,XBlade,Clutch,Pressure Plate
Honda,XBlade,Clutch,Clutch Cable
Honda,XBlade,Cables,Throttle Cable
Honda,XBlade,Cables,Brake Cable
Honda,XBlade,Cables,Clutch Cable
Honda,XBlade,Brakes,Disc Pad
Honda,XBlade,Brakes,Drum Shoe
Honda,XBlade,Brakes,Brake Lever
Honda,XBlade,Suspension,Front Fork
Honda,XBlade,Suspension,Rear Shock Absorber
Honda,XBlade,Electrical,Headlight
Honda,XBlade,Electrical,Tail Light
Honda,XBlade,Electrical,Indicator
Honda,XBlade,Electrical,Battery
Honda,XBlade,Body,Side Panel
Honda,XBlade,Body,Front Mudguard
Honda,XBlade,Body,Rear Mudguard
Honda,XBlade,Tyres,Front Tyre
Honda,XBlade,Tyres,Rear Tyre
Honda,XBlade,Tyres,Tube
Honda,Hornet 2.0,Engine,Piston
Honda,Hornet 2.0,Engine,Cylinder Kit
Honda,Hornet 2.0,Engine,Timing Chain
Honda,Hornet 2.0,Engine,Head Gasket
Honda,Hornet 2.0,Clutch,Clutch Plate
Honda,Hornet 2.0,Clutch,Pressure Plate
Honda,Hornet 2.0,Clutch,Clutch Cable
Honda,Hornet 2.0,Cables,Throttle Cable
Honda,Hornet 2.0,Cables,Brake Cable
Honda,Hornet 2.0,Cables,Clutch Cable
Honda,Hornet 2.0,Brakes,Disc Pad
Honda,Hornet 2.0,Brakes,Drum Shoe
Honda,Hornet 2.0,Brakes,Brake Lever
Honda,Hornet 2.0,Suspension,Front Fork
Honda,Hornet 2.0,Suspension,Rear Shock Absorber
Honda,Hornet 2.0,Electrical,Headlight
Honda,Hornet 2.0,Electrical,Tail Light
Honda,Hornet 2.0,Electrical,Indicator
Honda,Hornet 2.0,Electrical,Battery
Honda,Hornet 2.0,Body,Side Panel
Honda,Hornet 2.0,Body,Front Mudguard
Honda,Hornet 2.0,Body,Rear Mudguard
Honda,Hornet 2.0,Tyres,Front Tyre
Honda,Hornet 2.0,Tyres,Rear Tyre
Honda,Hornet 2.0,Tyres,Tube
Honda,CB200X,Engine,Piston
Honda,CB200X,Engine,Cylinder Kit
Honda,CB200X,Engine,Timing Chain
Honda,CB200X,Engine,Head Gasket
Honda,CB200X,Clutch,Clutch Plate
Honda,CB200X,Clutch,Pressure Plate
Honda,CB200X,Clutch,Clutch Cable
Honda,CB200X,Cables,Throttle Cable
Honda,CB200X,Cables,Brake Cable
Honda,CB200X,Cables,Clutch Cable
Honda,CB200X,Brakes,Disc Pad
Honda,CB200X,Brakes,Drum Shoe
Honda,CB200X,Brakes,Brake Lever
Honda,CB200X,Suspension,Front Fork
Honda,CB200X,Suspension,Rear Shock Absorber
Honda,CB200X,Electrical,Headlight
Honda,CB200X,Electrical,Tail Light
Honda,CB200X,Electrical,Indicator
Honda,CB200X,Electrical,Battery
Honda,CB200X,Body,Side Panel
Honda,CB200X,Body,Front Mudguard
Honda,CB200X,Body,Rear Mudguard
Honda,CB200X,Tyres,Front Tyre
Honda,CB200X,Tyres,Rear Tyre
Honda,CB200X,Tyres,Tube
Honda,CB300F,Engine,Piston
Honda,CB300F,Engine,Cylinder Kit
Honda,CB300F,Engine,Timing Chain
Honda,CB300F,Engine,Head Gasket
Honda,CB300F,Clutch,Clutch Plate
Honda,CB300F,Clutch,Pressure Plate
Honda,CB300F,Clutch,Clutch Cable
Honda,CB300F,Cables,Throttle Cable
Honda,CB300F,Cables,Brake Cable
Honda,CB300F,Cables,Clutch Cable
Honda,CB300F,Brakes,Disc Pad
Honda,CB300F,Brakes,Drum Shoe
Honda,CB300F,Brakes,Brake Lever
Honda,CB300F,Suspension,Front Fork
Honda,CB300F,Suspension,Rear Shock Absorber
Honda,CB300F,Electrical,Headlight
Honda,CB300F,Electrical,Tail Light
Honda,CB300F,Electrical,Indicator
Honda,CB300F,Electrical,Battery
Honda,CB300F,Body,Side Panel
Honda,CB300F,Body,Front Mudguard
Honda,CB300F,Body,Rear Mudguard
Honda,CB300F,Tyres,Front Tyre
Honda,CB300F,Tyres,Rear Tyre
Honda,CB300F,Tyres,Tube
Honda,CB350 H’ness,Engine,Piston
Honda,CB350 H’ness,Engine,Cylinder Kit
Honda,CB350 H’ness,Engine,Timing Chain
Honda,CB350 H’ness,Engine,Head Gasket
Honda,CB350 H’ness,Clutch,Clutch Plate
Honda,CB350 H’ness,Clutch,Pressure Plate
Honda,CB350 H’ness,Clutch,Clutch Cable
Honda,CB350 H’ness,Cables,Throttle Cable
Honda,CB350 H’ness,Cables,Brake Cable
Honda,CB350 H’ness,Cables,Clutch Cable
Honda,CB350 H’ness,Brakes,Disc Pad
Honda,CB350 H’ness,Brakes,Drum Shoe
Honda,CB350 H’ness,Brakes,Brake Lever
Honda,CB350 H’ness,Suspension,Front Fork
Honda,CB350 H’ness,Suspension,Rear Shock Absorber
Honda,CB350 H’ness,Electrical,Headlight
Honda,CB350 H’ness,Electrical,Tail Light
Honda,CB350 H’ness,Electrical,Indicator
Honda,CB350 H’ness,Electrical,Battery
Honda,CB350 H’ness,Body,Side Panel
Honda,CB350 H’ness,Body,Front Mudguard
Honda,CB350 H’ness,Body,Rear Mudguard
Honda,CB350 H’ness,Tyres,Front Tyre
Honda,CB350 H’ness,Tyres,Rear Tyre
Honda,CB350 H’ness,Tyres,Tube
Honda,CB350 RS,Engine,Piston
Honda,CB350 RS,Engine,Cylinder Kit
Honda,CB350 RS,Engine,Timing Chain
Honda,CB350 RS,Engine,Head Gasket
Honda,CB350 RS,Clutch,Clutch Plate
Honda,CB350 RS,Clutch,Pressure Plate
Honda,CB350 RS,Clutch,Clutch Cable
Honda,CB350 RS,Cables,Throttle Cable
Honda,CB350 RS,Cables,Brake Cable
Honda,CB350 RS,Cables,Clutch Cable
Honda,CB350 RS,Brakes,Disc Pad
Honda,CB350 RS,Brakes,Drum Shoe
Honda,CB350 RS,Brakes,Brake Lever
Honda,CB350 RS,Suspension,Front Fork
Honda,CB350 RS,Suspension,Rear Shock Absorber
Honda,CB350 RS,Electrical,Headlight
Honda,CB350 RS,Electrical,Tail Light
Honda,CB350 RS,Electrical,Indicator
Honda,CB350 RS,Electrical,Battery
Honda,CB350 RS,Body,Side Panel
Honda,CB350 RS,Body,Front Mudguard
Honda,CB350 RS,Body,Rear Mudguard
Honda,CB350 RS,Tyres,Front Tyre
Honda,CB350 RS,Tyres,Rear Tyre
Honda,CB350 RS,Tyres,Tube
Honda,Activa 6G,Engine,Piston
Honda,Activa 6G,Engine,Cylinder Kit
Honda,Activa 6G,Engine,Timing Chain
Honda,Activa 6G,Engine,Head Gasket
Honda,Activa 6G,Clutch,Clutch Plate
Honda,Activa 6G,Clutch,Pressure Plate
Honda,Activa 6G,Clutch,Clutch Cable
Honda,Activa 6G,Cables,Throttle Cable
Honda,Activa 6G,Cables,Brake Cable
Honda,Activa 6G,Cables,Clutch Cable
Honda,Activa 6G,Brakes,Disc Pad
Honda,Activa 6G,Brakes,Drum Shoe
Honda,Activa 6G,Brakes,Brake Lever
Honda,Activa 6G,Suspension,Front Fork
Honda,Activa 6G,Suspension,Rear Shock Absorber
Honda,Activa 6G,Electrical,Headlight
Honda,Activa 6G,Electrical,Tail Light
Honda,Activa 6G,Electrical,Indicator
Honda,Activa 6G,Electrical,Battery
Honda,Activa 6G,Body,Side Panel
Honda,Activa 6G,Body,Front Mudguard
Honda,Activa 6G,Body,Rear Mudguard
Honda,Activa 6G,Tyres,Front Tyre
Honda,Activa 6G,Tyres,Rear Tyre
Honda,Activa 6G,Tyres,Tube
Honda,Activa 5G,Engine,Piston
Honda,Activa 5G,Engine,Cylinder Kit
Honda,Activa 5G,Engine,Timing Chain
Honda,Activa 5G,Engine,Head Gasket
Honda,Activa 5G,Clutch,Clutch Plate
Honda,Activa 5G,Clutch,Pressure Plate
Honda,Activa 5G,Clutch,Clutch Cable
Honda,Activa 5G,Cables,Throttle Cable
Honda,Activa 5G,Cables,Brake Cable
Honda,Activa 5G,Cables,Clutch Cable
Honda,Activa 5G,Brakes,Disc Pad
Honda,Activa 5G,Brakes,Drum Shoe
Honda,Activa 5G,Brakes,Brake Lever
Honda,Activa 5G,Suspension,Front Fork
Honda,Activa 5G,Suspension,Rear Shock Absorber
Honda,Activa 5G,Electrical,Headlight
Honda,Activa 5G,Electrical,Tail Light
Honda,Activa 5G,Electrical,Indicator
Honda,Activa 5G,Electrical,Battery
Honda,Activa 5G,Body,Side Panel
Honda,Activa 5G,Body,Front Mudguard
Honda,Activa 5G,Body,Rear Mudguard
Honda,Activa 5G,Tyres,Front Tyre
Honda,Activa 5G,Tyres,Rear Tyre
Honda,Activa 5G,Tyres,Tube
Honda,Activa 4G,Engine,Piston
Honda,Activa 4G,Engine,Cylinder Kit
Honda,Activa 4G,Engine,Timing Chain
Honda,Activa 4G,Engine,Head Gasket
Honda,Activa 4G,Clutch,Clutch Plate
Honda,Activa 4G,Clutch,Pressure Plate
Honda,Activa 4G,Clutch,Clutch Cable
Honda,Activa 4G,Cables,Throttle Cable
Honda,Activa 4G,Cables,Brake Cable
Honda,Activa 4G,Cables,Clutch Cable
Honda,Activa 4G,Brakes,Disc Pad
Honda,Activa 4G,Brakes,Drum Shoe
Honda,Activa 4G,Brakes,Brake Lever
Honda,Activa 4G,Suspension,Front Fork
Honda,Activa 4G,Suspension,Rear Shock Absorber
Honda,Activa 4G,Electrical,Headlight
Honda,Activa 4G,Electrical,Tail Light
Honda,Activa 4G,Electrical,Indicator
Honda,Activa 4G,Electrical,Battery
Honda,Activa 4G,Body,Side Panel
Honda,Activa 4G,Body,Front Mudguard
Honda,Activa 4G,Body,Rear Mudguard
Honda,Activa 4G,Tyres,Front Tyre
Honda,Activa 4G,Tyres,Rear Tyre
Honda,Activa 4G,Tyres,Tube
Honda,Activa 3G,Engine,Piston
Honda,Activa 3G,Engine,Cylinder Kit
Honda,Activa 3G,Engine,Timing Chain
Honda,Activa 3G,Engine,Head Gasket
Honda,Activa 3G,Clutch,Clutch Plate
Honda,Activa 3G,Clutch,Pressure Plate
Honda,Activa 3G,Clutch,Clutch Cable
Honda,Activa 3G,Cables,Throttle Cable
Honda,Activa 3G,Cables,Brake Cable
Honda,Activa 3G,Cables,Clutch Cable
Honda,Activa 3G,Brakes,Disc Pad
Honda,Activa 3G,Brakes,Drum Shoe
Honda,Activa 3G,Brakes,Brake Lever
Honda,Activa 3G,Suspension,Front Fork
Honda,Activa 3G,Suspension,Rear Shock Absorber
Honda,Activa 3G,Electrical,Headlight
Honda,Activa 3G,Electrical,Tail Light
Honda,Activa 3G,Electrical,Indicator
Honda,Activa 3G,Electrical,Battery
Honda,Activa 3G,Body,Side Panel
Honda,Activa 3G,Body,Front Mudguard
Honda,Activa 3G,Body,Rear Mudguard
Honda,Activa 3G,Tyres,Front Tyre
Honda,Activa 3G,Tyres,Rear Tyre
Honda,Activa 3G,Tyres,Tube
Honda,Activa,Engine,Piston
Honda,Activa,Engine,Cylinder Kit
Honda,Activa,Engine,Timing Chain
Honda,Activa,Engine,Head Gasket
Honda,Activa,Clutch,Clutch Plate
Honda,Activa,Clutch,Pressure Plate
Honda,Activa,Clutch,Clutch Cable
Honda,Activa,Cables,Throttle Cable
Honda,Activa,Cables,Brake Cable
Honda,Activa,Cables,Clutch Cable
Honda,Activa,Brakes,Disc Pad
Honda,Activa,Brakes,Drum Shoe
Honda,Activa,Brakes,Brake Lever
Honda,Activa,Suspension,Front Fork
Honda,Activa,Suspension,Rear Shock Absorber
Honda,Activa,Electrical,Headlight
Honda,Activa,Electrical,Tail Light
Honda,Activa,Electrical,Indicator
Honda,Activa,Electrical,Battery
Honda,Activa,Body,Side Panel
Honda,Activa,Body,Front Mudguard
Honda,Activa,Body,Rear Mudguard
Honda,Activa,Tyres,Front Tyre
Honda,Activa,Tyres,Rear Tyre
Honda,Activa,Tyres,Tube
Honda,Activa 125,Engine,Piston
Honda,Activa 125,Engine,Cylinder Kit
Honda,Activa 125,Engine,Timing Chain
Honda,Activa 125,Engine,Head Gasket
Honda,Activa 125,Clutch,Clutch Plate
Honda,Activa 125,Clutch,Pressure Plate
Honda,Activa 125,Clutch,Clutch Cable
Honda,Activa 125,Cables,Throttle Cable
Honda,Activa 125,Cables,Brake Cable
Honda,Activa 125,Cables,Clutch Cable
Honda,Activa 125,Brakes,Disc Pad
Honda,Activa 125,Brakes,Drum Shoe
Honda,Activa 125,Brakes,Brake Lever
Honda,Activa 125,Suspension,Front Fork
Honda,Activa 125,Suspension,Rear Shock Absorber
Honda,Activa 125,Electrical,Headlight
Honda,Activa 125,Electrical,Tail Light
Honda,Activa 125,Electrical,Indicator
Honda,Activa 125,Electrical,Battery
Honda,Activa 125,Body,Side Panel
Honda,Activa 125,Body,Front Mudguard
Honda,Activa 125,Body,Rear Mudguard
Honda,Activa 125,Tyres,Front Tyre
Honda,Activa 125,Tyres,Rear Tyre
Honda,Activa 125,Tyres,Tube
Honda,Dio,Engine,Piston
Honda,Dio,Engine,Cylinder Kit
Honda,Dio,Engine,Timing Chain
Honda,Dio,Engine,Head Gasket
Honda,Dio,Clutch,Clutch Plate
Honda,Dio,Clutch,Pressure Plate
Honda,Dio,Clutch,Clutch Cable
Honda,Dio,Cables,Throttle Cable
Honda,Dio,Cables,Brake Cable
Honda,Dio,Cables,Clutch Cable
Honda,Dio,Brakes,Disc Pad
Honda,Dio,Brakes,Drum Shoe
Honda,Dio,Brakes,Brake Lever
Honda,Dio,Suspension,Front Fork
Honda,Dio,Suspension,Rear Shock Absorber
Honda,Dio,Electrical,Headlight
Honda,Dio,Electrical,Tail Light
Honda,Dio,Electrical,Indicator
Honda,Dio,Electrical,Battery
Honda,Dio,Body,Side Panel
Honda,Dio,Body,Front Mudguard
Honda,Dio,Body,Rear Mudguard
Honda,Dio,Tyres,Front Tyre
Honda,Dio,Tyres,Rear Tyre
Honda,Dio,Tyres,Tube
Honda,Dio 125,Engine,Piston
Honda,Dio 125,Engine,Cylinder Kit
Honda,Dio 125,Engine,Timing Chain
Honda,Dio 125,Engine,Head Gasket
Honda,Dio 125,Clutch,Clutch Plate
Honda,Dio 125,Clutch,Pressure Plate
Honda,Dio 125,Clutch,Clutch Cable
Honda,Dio 125,Cables,Throttle Cable
Honda,Dio 125,Cables,Brake Cable
Honda,Dio 125,Cables,Clutch Cable
Honda,Dio 125,Brakes,Disc Pad
Honda,Dio 125,Brakes,Drum Shoe
Honda,Dio 125,Brakes,Brake Lever
Honda,Dio 125,Suspension,Front Fork
Honda,Dio 125,Suspension,Rear Shock Absorber
Honda,Dio 125,Electrical,Headlight
Honda,Dio 125,Electrical,Tail Light
Honda,Dio 125,Electrical,Indicator
Honda,Dio 125,Electrical,Battery
Honda,Dio 125,Body,Side Panel
Honda,Dio 125,Body,Front Mudguard
Honda,Dio 125,Body,Rear Mudguard
Honda,Dio 125,Tyres,Front Tyre
Honda,Dio 125,Tyres,Rear Tyre
Honda,Dio 125,Tyres,Tube
Yamaha,FZ V3,Engine,Piston
Yamaha,FZ V3,Engine,Cylinder Kit
Yamaha,FZ V3,Engine,Timing Chain
Yamaha,FZ V3,Engine,Head Gasket
Yamaha,FZ V3,Clutch,Clutch Plate
Yamaha,FZ V3,Clutch,Pressure Plate
Yamaha,FZ V3,Clutch,Clutch Cable
Yamaha,FZ V3,Cables,Throttle Cable
Yamaha,FZ V3,Cables,Brake Cable
Yamaha,FZ V3,Cables,Clutch Cable
Yamaha,FZ V3,Brakes,Disc Pad
Yamaha,FZ V3,Brakes,Drum Shoe
Yamaha,FZ V3,Brakes,Brake Lever
Yamaha,FZ V3,Suspension,Front Fork
Yamaha,FZ V3,Suspension,Rear Shock Absorber
Yamaha,FZ V3,Electrical,Headlight
Yamaha,FZ V3,Electrical,Tail Light
Yamaha,FZ V3,Electrical,Indicator
Yamaha,FZ V3,Electrical,Battery
Yamaha,FZ V3,Body,Side Panel
Yamaha,FZ V3,Body,Front Mudguard
Yamaha,FZ V3,Body,Rear Mudguard
Yamaha,FZ V3,Tyres,Front Tyre
Yamaha,FZ V3,Tyres,Rear Tyre
Yamaha,FZ V3,Tyres,Tube
Yamaha,FZ-S FI V4,Engine,Piston
Yamaha,FZ-S FI V4,Engine,Cylinder Kit
Yamaha,FZ-S FI V4,Engine,Timing Chain
Yamaha,FZ-S FI V4,Engine,Head Gasket
Yamaha,FZ-S FI V4,Clutch,Clutch Plate
Yamaha,FZ-S FI V4,Clutch,Pressure Plate
Yamaha,FZ-S FI V4,Clutch,Clutch Cable
Yamaha,FZ-S FI V4,Cables,Throttle Cable
Yamaha,FZ-S FI V4,Cables,Brake Cable
Yamaha,FZ-S FI V4,Cables,Clutch Cable
Yamaha,FZ-S FI V4,Brakes,Disc Pad
Yamaha,FZ-S FI V4,Brakes,Drum Shoe
Yamaha,FZ-S FI V4,Brakes,Brake Lever
Yamaha,FZ-S FI V4,Suspension,Front Fork
Yamaha,FZ-S FI V4,Suspension,Rear Shock Absorber
Yamaha,FZ-S FI V4,Electrical,Headlight
Yamaha,FZ-S FI V4,Electrical,Tail Light
Yamaha,FZ-S FI V4,Electrical,Indicator
Yamaha,FZ-S FI V4,Electrical,Battery
Yamaha,FZ-S FI V4,Body,Side Panel
Yamaha,FZ-S FI V4,Body,Front Mudguard
Yamaha,FZ-S FI V4,Body,Rear Mudguard
Yamaha,FZ-S FI V4,Tyres,Front Tyre
Yamaha,FZ-S FI V4,Tyres,Rear Tyre
Yamaha,FZ-S FI V4,Tyres,Tube
Yamaha,FZ-X,Engine,Piston
Yamaha,FZ-X,Engine,Cylinder Kit
Yamaha,FZ-X,Engine,Timing Chain
Yamaha,FZ-X,Engine,Head Gasket
Yamaha,FZ-X,Clutch,Clutch Plate
Yamaha,FZ-X,Clutch,Pressure Plate
Yamaha,FZ-X,Clutch,Clutch Cable
Yamaha,FZ-X,Cables,Throttle Cable
Yamaha,FZ-X,Cables,Brake Cable
Yamaha,FZ-X,Cables,Clutch Cable
Yamaha,FZ-X,Brakes,Disc Pad
Yamaha,FZ-X,Brakes,Drum Shoe
Yamaha,FZ-X,Brakes,Brake Lever
Yamaha,FZ-X,Suspension,Front Fork
Yamaha,FZ-X,Suspension,Rear Shock Absorber
Yamaha,FZ-X,Electrical,Headlight
Yamaha,FZ-X,Electrical,Tail Light
Yamaha,FZ-X,Electrical,Indicator
Yamaha,FZ-X,Electrical,Battery
Yamaha,FZ-X,Body,Side Panel
Yamaha,FZ-X,Body,Front Mudguard
Yamaha,FZ-X,Body,Rear Mudguard
Yamaha,FZ-X,Tyres,Front Tyre
Yamaha,FZ-X,Tyres,Rear Tyre
Yamaha,FZ-X,Tyres,Tube
Yamaha,R15 V4,Engine,Piston
Yamaha,R15 V4,Engine,Cylinder Kit
Yamaha,R15 V4,Engine,Timing Chain
Yamaha,R15 V4,Engine,Head Gasket
Yamaha,R15 V4,Clutch,Clutch Plate
Yamaha,R15 V4,Clutch,Pressure Plate
Yamaha,R15 V4,Clutch,Clutch Cable
Yamaha,R15 V4,Cables,Throttle Cable
Yamaha,R15 V4,Cables,Brake Cable
Yamaha,R15 V4,Cables,Clutch Cable
Yamaha,R15 V4,Brakes,Disc Pad
Yamaha,R15 V4,Brakes,Drum Shoe
Yamaha,R15 V4,Brakes,Brake Lever
Yamaha,R15 V4,Suspension,Front Fork
Yamaha,R15 V4,Suspension,Rear Shock Absorber
Yamaha,R15 V4,Electrical,Headlight
Yamaha,R15 V4,Electrical,Tail Light
Yamaha,R15 V4,Electrical,Indicator
Yamaha,R15 V4,Electrical,Battery
Yamaha,R15 V4,Body,Side Panel
Yamaha,R15 V4,Body,Front Mudguard
Yamaha,R15 V4,Body,Rear Mudguard
Yamaha,R15 V4,Tyres,Front Tyre
Yamaha,R15 V4,Tyres,Rear Tyre
Yamaha,R15 V4,Tyres,Tube
Yamaha,R15M,Engine,Piston
Yamaha,R15M,Engine,Cylinder Kit
Yamaha,R15M,Engine,Timing Chain
Yamaha,R15M,Engine,Head Gasket
Yamaha,R15M,Clutch,Clutch Plate
Yamaha,R15M,Clutch,Pressure Plate
Yamaha,R15M,Clutch,Clutch Cable
Yamaha,R15M,Cables,Throttle Cable
Yamaha,R15M,Cables,Brake Cable
Yamaha,R15M,Cables,Clutch Cable
Yamaha,R15M,Brakes,Disc Pad
Yamaha,R15M,Brakes,Drum Shoe
Yamaha,R15M,Brakes,Brake Lever
Yamaha,R15M,Suspension,Front Fork
Yamaha,R15M,Suspension,Rear Shock Absorber
Yamaha,R15M,Electrical,Headlight
Yamaha,R15M,Electrical,Tail Light
Yamaha,R15M,Electrical,Indicator
Yamaha,R15M,Electrical,Battery
Yamaha,R15M,Body,Side Panel
Yamaha,R15M,Body,Front Mudguard
Yamaha,R15M,Body,Rear Mudguard
Yamaha,R15M,Tyres,Front Tyre
Yamaha,R15M,Tyres,Rear Tyre
Yamaha,R15M,Tyres,Tube
Yamaha,MT-15 V2,Engine,Piston
Yamaha,MT-15 V2,Engine,Cylinder Kit
Yamaha,MT-15 V2,Engine,Timing Chain
Yamaha,MT-15 V2,Engine,Head Gasket
Yamaha,MT-15 V2,Clutch,Clutch Plate
Yamaha,MT-15 V2,Clutch,Pressure Plate
Yamaha,MT-15 V2,Clutch,Clutch Cable
Yamaha,MT-15 V2,Cables,Throttle Cable
Yamaha,MT-15 V2,Cables,Brake Cable
Yamaha,MT-15 V2,Cables,Clutch Cable
Yamaha,MT-15 V2,Brakes,Disc Pad
Yamaha,MT-15 V2,Brakes,Drum Shoe
Yamaha,MT-15 V2,Brakes,Brake Lever
Yamaha,MT-15 V2,Suspension,Front Fork
Yamaha,MT-15 V2,Suspension,Rear Shock Absorber
Yamaha,MT-15 V2,Electrical,Headlight
Yamaha,MT-15 V2,Electrical,Tail Light
Yamaha,MT-15 V2,Electrical,Indicator
Yamaha,MT-15 V2,Electrical,Battery
Yamaha,MT-15 V2,Body,Side Panel
Yamaha,MT-15 V2,Body,Front Mudguard
Yamaha,MT-15 V2,Body,Rear Mudguard
Yamaha,MT-15 V2,Tyres,Front Tyre
Yamaha,MT-15 V2,Tyres,Rear Tyre
Yamaha,MT-15 V2,Tyres,Tube
Yamaha,FZ25,Engine,Piston
Yamaha,FZ25,Engine,Cylinder Kit
Yamaha,FZ25,Engine,Timing Chain
Yamaha,FZ25,Engine,Head Gasket
Yamaha,FZ25,Clutch,Clutch Plate
Yamaha,FZ25,Clutch,Pressure Plate
Yamaha,FZ25,Clutch,Clutch Cable
Yamaha,FZ25,Cables,Throttle Cable
Yamaha,FZ25,Cables,Brake Cable
Yamaha,FZ25,Cables,Clutch Cable
Yamaha,FZ25,Brakes,Disc Pad
Yamaha,FZ25,Brakes,Drum Shoe
Yamaha,FZ25,Brakes,Brake Lever
Yamaha,FZ25,Suspension,Front Fork
Yamaha,FZ25,Suspension,Rear Shock Absorber
Yamaha,FZ25,Electrical,Headlight
Yamaha,FZ25,Electrical,Tail Light
Yamaha,FZ25,Electrical,Indicator
Yamaha,FZ25,Electrical,Battery
Yamaha,FZ25,Body,Side Panel
Yamaha,FZ25,Body,Front Mudguard
Yamaha,FZ25,Body,Rear Mudguard
Yamaha,FZ25,Tyres,Front Tyre
Yamaha,FZ25,Tyres,Rear Tyre
Yamaha,FZ25,Tyres,Tube
Yamaha,FZS25,Engine,Piston
Yamaha,FZS25,Engine,Cylinder Kit
Yamaha,FZS25,Engine,Timing Chain
Yamaha,FZS25,Engine,Head Gasket
Yamaha,FZS25,Clutch,Clutch Plate
Yamaha,FZS25,Clutch,Pressure Plate
Yamaha,FZS25,Clutch,Clutch Cable
Yamaha,FZS25,Cables,Throttle Cable
Yamaha,FZS25,Cables,Brake Cable
Yamaha,FZS25,Cables,Clutch Cable
Yamaha,FZS25,Brakes,Disc Pad
Yamaha,FZS25,Brakes,Drum Shoe
Yamaha,FZS25,Brakes,Brake Lever
Yamaha,FZS25,Suspension,Front Fork
Yamaha,FZS25,Suspension,Rear Shock Absorber
Yamaha,FZS25,Electrical,Headlight
Yamaha,FZS25,Electrical,Tail Light
Yamaha,FZS25,Electrical,Indicator
Yamaha,FZS25,Electrical,Battery
Yamaha,FZS25,Body,Side Panel
Yamaha,FZS25,Body,Front Mudguard
Yamaha,FZS25,Body,Rear Mudguard
Yamaha,FZS25,Tyres,Front Tyre
Yamaha,FZS25,Tyres,Rear Tyre
Yamaha,FZS25,Tyres,Tube
Yamaha,Fascino 125,Engine,Piston
Yamaha,Fascino 125,Engine,Cylinder Kit
Yamaha,Fascino 125,Engine,Timing Chain
Yamaha,Fascino 125,Engine,Head Gasket
Yamaha,Fascino 125,Clutch,Clutch Plate
Yamaha,Fascino 125,Clutch,Pressure Plate
Yamaha,Fascino 125,Clutch,Clutch Cable
Yamaha,Fascino 125,Cables,Throttle Cable
Yamaha,Fascino 125,Cables,Brake Cable
Yamaha,Fascino 125,Cables,Clutch Cable
Yamaha,Fascino 125,Brakes,Disc Pad
Yamaha,Fascino 125,Brakes,Drum Shoe
Yamaha,Fascino 125,Brakes,Brake Lever
Yamaha,Fascino 125,Suspension,Front Fork
Yamaha,Fascino 125,Suspension,Rear Shock Absorber
Yamaha,Fascino 125,Electrical,Headlight
Yamaha,Fascino 125,Electrical,Tail Light
Yamaha,Fascino 125,Electrical,Indicator
Yamaha,Fascino 125,Electrical,Battery
Yamaha,Fascino 125,Body,Side Panel
Yamaha,Fascino 125,Body,Front Mudguard
Yamaha,Fascino 125,Body,Rear Mudguard
Yamaha,Fascino 125,Tyres,Front Tyre
Yamaha,Fascino 125,Tyres,Rear Tyre
Yamaha,Fascino 125,Tyres,Tube
Yamaha,RayZR 125,Engine,Piston
Yamaha,RayZR 125,Engine,Cylinder Kit
Yamaha,RayZR 125,Engine,Timing Chain
Yamaha,RayZR 125,Engine,Head Gasket
Yamaha,RayZR 125,Clutch,Clutch Plate
Yamaha,RayZR 125,Clutch,Pressure Plate
Yamaha,RayZR 125,Clutch,Clutch Cable
Yamaha,RayZR 125,Cables,Throttle Cable
Yamaha,RayZR 125,Cables,Brake Cable
Yamaha,RayZR 125,Cables,Clutch Cable
Yamaha,RayZR 125,Brakes,Disc Pad
Yamaha,RayZR 125,Brakes,Drum Shoe
Yamaha,RayZR 125,Brakes,Brake Lever
Yamaha,RayZR 125,Suspension,Front Fork
Yamaha,RayZR 125,Suspension,Rear Shock Absorber
Yamaha,RayZR 125,Electrical,Headlight
Yamaha,RayZR 125,Electrical,Tail Light
Yamaha,RayZR 125,Electrical,Indicator
Yamaha,RayZR 125,Electrical,Battery
Yamaha,RayZR 125,Body,Side Panel
Yamaha,RayZR 125,Body,Front Mudguard
Yamaha,RayZR 125,Body,Rear Mudguard
Yamaha,RayZR 125,Tyres,Front Tyre
Yamaha,RayZR 125,Tyres,Rear Tyre
Yamaha,RayZR 125,Tyres,Tube
KTM,Duke 125,Engine,Piston
KTM,Duke 125,Engine,Cylinder Kit
KTM,Duke 125,Engine,Timing Chain
KTM,Duke 125,Engine,Head Gasket
KTM,Duke 125,Clutch,Clutch Plate
KTM,Duke 125,Clutch,Pressure Plate
KTM,Duke 125,Clutch,Clutch Cable
KTM,Duke 125,Cables,Throttle Cable
KTM,Duke 125,Cables,Brake Cable
KTM,Duke 125,Cables,Clutch Cable
KTM,Duke 125,Brakes,Disc Pad
KTM,Duke 125,Brakes,Drum Shoe
KTM,Duke 125,Brakes,Brake Lever
KTM,Duke 125,Suspension,Front Fork
KTM,Duke 125,Suspension,Rear Shock Absorber
KTM,Duke 125,Electrical,Headlight
KTM,Duke 125,Electrical,Tail Light
KTM,Duke 125,Electrical,Indicator
KTM,Duke 125,Electrical,Battery
KTM,Duke 125,Body,Side Panel
KTM,Duke 125,Body,Front Mudguard
KTM,Duke 125,Body,Rear Mudguard
KTM,Duke 125,Tyres,Front Tyre
KTM,Duke 125,Tyres,Rear Tyre
KTM,Duke 125,Tyres,Tube
KTM,Duke 200,Engine,Piston
KTM,Duke 200,Engine,Cylinder Kit
KTM,Duke 200,Engine,Timing Chain
KTM,Duke 200,Engine,Head Gasket
KTM,Duke 200,Clutch,Clutch Plate
KTM,Duke 200,Clutch,Pressure Plate
KTM,Duke 200,Clutch,Clutch Cable
KTM,Duke 200,Cables,Throttle Cable
KTM,Duke 200,Cables,Brake Cable
KTM,Duke 200,Cables,Clutch Cable
KTM,Duke 200,Brakes,Disc Pad
KTM,Duke 200,Brakes,Drum Shoe
KTM,Duke 200,Brakes,Brake Lever
KTM,Duke 200,Suspension,Front Fork
KTM,Duke 200,Suspension,Rear Shock Absorber
KTM,Duke 200,Electrical,Headlight
KTM,Duke 200,Electrical,Tail Light
KTM,Duke 200,Electrical,Indicator
KTM,Duke 200,Electrical,Battery
KTM,Duke 200,Body,Side Panel
KTM,Duke 200,Body,Front Mudguard
KTM,Duke 200,Body,Rear Mudguard
KTM,Duke 200,Tyres,Front Tyre
KTM,Duke 200,Tyres,Rear Tyre
KTM,Duke 200,Tyres,Tube
KTM,Duke 250,Engine,Piston
KTM,Duke 250,Engine,Cylinder Kit
KTM,Duke 250,Engine,Timing Chain
KTM,Duke 250,Engine,Head Gasket
KTM,Duke 250,Clutch,Clutch Plate
KTM,Duke 250,Clutch,Pressure Plate
KTM,Duke 250,Clutch,Clutch Cable
KTM,Duke 250,Cables,Throttle Cable
KTM,Duke 250,Cables,Brake Cable
KTM,Duke 250,Cables,Clutch Cable
KTM,Duke 250,Brakes,Disc Pad
KTM,Duke 250,Brakes,Drum Shoe
KTM,Duke 250,Brakes,Brake Lever
KTM,Duke 250,Suspension,Front Fork
KTM,Duke 250,Suspension,Rear Shock Absorber
KTM,Duke 250,Electrical,Headlight
KTM,Duke 250,Electrical,Tail Light
KTM,Duke 250,Electrical,Indicator
KTM,Duke 250,Electrical,Battery
KTM,Duke 250,Body,Side Panel
KTM,Duke 250,Body,Front Mudguard
KTM,Duke 250,Body,Rear Mudguard
KTM,Duke 250,Tyres,Front Tyre
KTM,Duke 250,Tyres,Rear Tyre
KTM,Duke 250,Tyres,Tube
KTM,Duke 390,Engine,Piston
KTM,Duke 390,Engine,Cylinder Kit
KTM,Duke 390,Engine,Timing Chain
KTM,Duke 390,Engine,Head Gasket
KTM,Duke 390,Clutch,Clutch Plate
KTM,Duke 390,Clutch,Pressure Plate
KTM,Duke 390,Clutch,Clutch Cable
KTM,Duke 390,Cables,Throttle Cable
KTM,Duke 390,Cables,Brake Cable
KTM,Duke 390,Cables,Clutch Cable
KTM,Duke 390,Brakes,Disc Pad
KTM,Duke 390,Brakes,Drum Shoe
KTM,Duke 390,Brakes,Brake Lever
KTM,Duke 390,Suspension,Front Fork
KTM,Duke 390,Suspension,Rear Shock Absorber
KTM,Duke 390,Electrical,Headlight
KTM,Duke 390,Electrical,Tail Light
KTM,Duke 390,Electrical,Indicator
KTM,Duke 390,Electrical,Battery
KTM,Duke 390,Body,Side Panel
KTM,Duke 390,Body,Front Mudguard
KTM,Duke 390,Body,Rear Mudguard
KTM,Duke 390,Tyres,Front Tyre
KTM,Duke 390,Tyres,Rear Tyre
KTM,Duke 390,Tyres,Tube
KTM,RC 125,Engine,Piston
KTM,RC 125,Engine,Cylinder Kit
KTM,RC 125,Engine,Timing Chain
KTM,RC 125,Engine,Head Gasket
KTM,RC 125,Clutch,Clutch Plate
KTM,RC 125,Clutch,Pressure Plate
KTM,RC 125,Clutch,Clutch Cable
KTM,RC 125,Cables,Throttle Cable
KTM,RC 125,Cables,Brake Cable
KTM,RC 125,Cables,Clutch Cable
KTM,RC 125,Brakes,Disc Pad
KTM,RC 125,Brakes,Drum Shoe
KTM,RC 125,Brakes,Brake Lever
KTM,RC 125,Suspension,Front Fork
KTM,RC 125,Suspension,Rear Shock Absorber
KTM,RC 125,Electrical,Headlight
KTM,RC 125,Electrical,Tail Light
KTM,RC 125,Electrical,Indicator
KTM,RC 125,Electrical,Battery
KTM,RC 125,Body,Side Panel
KTM,RC 125,Body,Front Mudguard
KTM,RC 125,Body,Rear Mudguard
KTM,RC 125,Tyres,Front Tyre
KTM,RC 125,Tyres,Rear Tyre
KTM,RC 125,Tyres,Tube
KTM,RC 200,Engine,Piston
KTM,RC 200,Engine,Cylinder Kit
KTM,RC 200,Engine,Timing Chain
KTM,RC 200,Engine,Head Gasket
KTM,RC 200,Clutch,Clutch Plate
KTM,RC 200,Clutch,Pressure Plate
KTM,RC 200,Clutch,Clutch Cable
KTM,RC 200,Cables,Throttle Cable
KTM,RC 200,Cables,Brake Cable
KTM,RC 200,Cables,Clutch Cable
KTM,RC 200,Brakes,Disc Pad
KTM,RC 200,Brakes,Drum Shoe
KTM,RC 200,Brakes,Brake Lever
KTM,RC 200,Suspension,Front Fork
KTM,RC 200,Suspension,Rear Shock Absorber
KTM,RC 200,Electrical,Headlight
KTM,RC 200,Electrical,Tail Light
KTM,RC 200,Electrical,Indicator
KTM,RC 200,Electrical,Battery
KTM,RC 200,Body,Side Panel
KTM,RC 200,Body,Front Mudguard
KTM,RC 200,Body,Rear Mudguard
KTM,RC 200,Tyres,Front Tyre
KTM,RC 200,Tyres,Rear Tyre
KTM,RC 200,Tyres,Tube
KTM,RC 390,Engine,Piston
KTM,RC 390,Engine,Cylinder Kit
KTM,RC 390,Engine,Timing Chain
KTM,RC 390,Engine,Head Gasket
KTM,RC 390,Clutch,Clutch Plate
KTM,RC 390,Clutch,Pressure Plate
KTM,RC 390,Clutch,Clutch Cable
KTM,RC 390,Cables,Throttle Cable
KTM,RC 390,Cables,Brake Cable
KTM,RC 390,Cables,Clutch Cable
KTM,RC 390,Brakes,Disc Pad
KTM,RC 390,Brakes,Drum Shoe
KTM,RC 390,Brakes,Brake Lever
KTM,RC 390,Suspension,Front Fork
KTM,RC 390,Suspension,Rear Shock Absorber
KTM,RC 390,Electrical,Headlight
KTM,RC 390,Electrical,Tail Light
KTM,RC 390,Electrical,Indicator
KTM,RC 390,Electrical,Battery
KTM,RC 390,Body,Side Panel
KTM,RC 390,Body,Front Mudguard
KTM,RC 390,Body,Rear Mudguard
KTM,RC 390,Tyres,Front Tyre
KTM,RC 390,Tyres,Rear Tyre
KTM,RC 390,Tyres,Tube
KTM,390 Adventure,Engine,Piston
KTM,390 Adventure,Engine,Cylinder Kit
KTM,390 Adventure,Engine,Timing Chain
KTM,390 Adventure,Engine,Head Gasket
KTM,390 Adventure,Clutch,Clutch Plate
KTM,390 Adventure,Clutch,Pressure Plate
KTM,390 Adventure,Clutch,Clutch Cable
KTM,390 Adventure,Cables,Throttle Cable
KTM,390 Adventure,Cables,Brake Cable
KTM,390 Adventure,Cables,Clutch Cable
KTM,390 Adventure,Brakes,Disc Pad
KTM,390 Adventure,Brakes,Drum Shoe
KTM,390 Adventure,Brakes,Brake Lever
KTM,390 Adventure,Suspension,Front Fork
KTM,390 Adventure,Suspension,Rear Shock Absorber
KTM,390 Adventure,Electrical,Headlight
KTM,390 Adventure,Electrical,Tail Light
KTM,390 Adventure,Electrical,Indicator
KTM,390 Adventure,Electrical,Battery
KTM,390 Adventure,Body,Side Panel
KTM,390 Adventure,Body,Front Mudguard
KTM,390 Adventure,Body,Rear Mudguard
KTM,390 Adventure,Tyres,Front Tyre
KTM,390 Adventure,Tyres,Rear Tyre
KTM,390 Adventure,Tyres,Tube
KTM,390 Adventure X,Engine,Piston
KTM,390 Adventure X,Engine,Cylinder Kit
KTM,390 Adventure X,Engine,Timing Chain
KTM,390 Adventure X,Engine,Head Gasket
KTM,390 Adventure X,Clutch,Clutch Plate
KTM,390 Adventure X,Clutch,Pressure Plate
KTM,390 Adventure X,Clutch,Clutch Cable
KTM,390 Adventure X,Cables,Throttle Cable
KTM,390 Adventure X,Cables,Brake Cable
KTM,390 Adventure X,Cables,Clutch Cable
KTM,390 Adventure X,Brakes,Disc Pad
KTM,390 Adventure X,Brakes,Drum Shoe
KTM,390 Adventure X,Brakes,Brake Lever
KTM,390 Adventure X,Suspension,Front Fork
KTM,390 Adventure X,Suspension,Rear Shock Absorber
KTM,390 Adventure X,Electrical,Headlight
KTM,390 Adventure X,Electrical,Tail Light
KTM,390 Adventure X,Electrical,Indicator
KTM,390 Adventure X,Electrical,Battery
KTM,390 Adventure X,Body,Side Panel
KTM,390 Adventure X,Body,Front Mudguard
KTM,390 Adventure X,Body,Rear Mudguard
KTM,390 Adventure X,Tyres,Front Tyre
KTM,390 Adventure X,Tyres,Rear Tyre
KTM,390 Adventure X,Tyres,Tube
Suzuki,Gixxer,Engine,Piston
Suzuki,Gixxer,Engine,Cylinder Kit
Suzuki,Gixxer,Engine,Timing Chain
Suzuki,Gixxer,Engine,Head Gasket
Suzuki,Gixxer,Clutch,Clutch Plate
Suzuki,Gixxer,Clutch,Pressure Plate
Suzuki,Gixxer,Clutch,Clutch Cable
Suzuki,Gixxer,Cables,Throttle Cable
Suzuki,Gixxer,Cables,Brake Cable
Suzuki,Gixxer,Cables,Clutch Cable
Suzuki,Gixxer,Brakes,Disc Pad
Suzuki,Gixxer,Brakes,Drum Shoe
Suzuki,Gixxer,Brakes,Brake Lever
Suzuki,Gixxer,Suspension,Front Fork
Suzuki,Gixxer,Suspension,Rear Shock Absorber
Suzuki,Gixxer,Electrical,Headlight
Suzuki,Gixxer,Electrical,Tail Light
Suzuki,Gixxer,Electrical,Indicator
Suzuki,Gixxer,Electrical,Battery
Suzuki,Gixxer,Body,Side Panel
Suzuki,Gixxer,Body,Front Mudguard
Suzuki,Gixxer,Body,Rear Mudguard
Suzuki,Gixxer,Tyres,Front Tyre
Suzuki,Gixxer,Tyres,Rear Tyre
Suzuki,Gixxer,Tyres,Tube
Suzuki,Gixxer SF,Engine,Piston
Suzuki,Gixxer SF,Engine,Cylinder Kit
Suzuki,Gixxer SF,Engine,Timing Chain
Suzuki,Gixxer SF,Engine,Head Gasket
Suzuki,Gixxer SF,Clutch,Clutch Plate
Suzuki,Gixxer SF,Clutch,Pressure Plate
Suzuki,Gixxer SF,Clutch,Clutch Cable
Suzuki,Gixxer SF,Cables,Throttle Cable
Suzuki,Gixxer SF,Cables,Brake Cable
Suzuki,Gixxer SF,Cables,Clutch Cable
Suzuki,Gixxer SF,Brakes,Disc Pad
Suzuki,Gixxer SF,Brakes,Drum Shoe
Suzuki,Gixxer SF,Brakes,Brake Lever
Suzuki,Gixxer SF,Suspension,Front Fork
Suzuki,Gixxer SF,Suspension,Rear Shock Absorber
Suzuki,Gixxer SF,Electrical,Headlight
Suzuki,Gixxer SF,Electrical,Tail Light
Suzuki,Gixxer SF,Electrical,Indicator
Suzuki,Gixxer SF,Electrical,Battery
Suzuki,Gixxer SF,Body,Side Panel
Suzuki,Gixxer SF,Body,Front Mudguard
Suzuki,Gixxer SF,Body,Rear Mudguard
Suzuki,Gixxer SF,Tyres,Front Tyre
Suzuki,Gixxer SF,Tyres,Rear Tyre
Suzuki,Gixxer SF,Tyres,Tube
Suzuki,Gixxer 250,Engine,Piston
Suzuki,Gixxer 250,Engine,Cylinder Kit
Suzuki,Gixxer 250,Engine,Timing Chain
Suzuki,Gixxer 250,Engine,Head Gasket
Suzuki,Gixxer 250,Clutch,Clutch Plate
Suzuki,Gixxer 250,Clutch,Pressure Plate
Suzuki,Gixxer 250,Clutch,Clutch Cable
Suzuki,Gixxer 250,Cables,Throttle Cable
Suzuki,Gixxer 250,Cables,Brake Cable
Suzuki,Gixxer 250,Cables,Clutch Cable
Suzuki,Gixxer 250,Brakes,Disc Pad
Suzuki,Gixxer 250,Brakes,Drum Shoe
Suzuki,Gixxer 250,Brakes,Brake Lever
Suzuki,Gixxer 250,Suspension,Front Fork
Suzuki,Gixxer 250,Suspension,Rear Shock Absorber
Suzuki,Gixxer 250,Electrical,Headlight
Suzuki,Gixxer 250,Electrical,Tail Light
Suzuki,Gixxer 250,Electrical,Indicator
Suzuki,Gixxer 250,Electrical,Battery
Suzuki,Gixxer 250,Body,Side Panel
Suzuki,Gixxer 250,Body,Front Mudguard
Suzuki,Gixxer 250,Body,Rear Mudguard
Suzuki,Gixxer 250,Tyres,Front Tyre
Suzuki,Gixxer 250,Tyres,Rear Tyre
Suzuki,Gixxer 250,Tyres,Tube
Suzuki,Gixxer SF 250,Engine,Piston
Suzuki,Gixxer SF 250,Engine,Cylinder Kit
Suzuki,Gixxer SF 250,Engine,Timing Chain
Suzuki,Gixxer SF 250,Engine,Head Gasket
Suzuki,Gixxer SF 250,Clutch,Clutch Plate
Suzuki,Gixxer SF 250,Clutch,Pressure Plate
Suzuki,Gixxer SF 250,Clutch,Clutch Cable
Suzuki,Gixxer SF 250,Cables,Throttle Cable
Suzuki,Gixxer SF 250,Cables,Brake Cable
Suzuki,Gixxer SF 250,Cables,Clutch Cable
Suzuki,Gixxer SF 250,Brakes,Disc Pad
Suzuki,Gixxer SF 250,Brakes,Drum Shoe
Suzuki,Gixxer SF 250,Brakes,Brake Lever
Suzuki,Gixxer SF 250,Suspension,Front Fork
Suzuki,Gixxer SF 250,Suspension,Rear Shock Absorber
Suzuki,Gixxer SF 250,Electrical,Headlight
Suzuki,Gixxer SF 250,Electrical,Tail Light
Suzuki,Gixxer SF 250,Electrical,Indicator
Suzuki,Gixxer SF 250,Electrical,Battery
Suzuki,Gixxer SF 250,Body,Side Panel
Suzuki,Gixxer SF 250,Body,Front Mudguard
Suzuki,Gixxer SF 250,Body,Rear Mudguard
Suzuki,Gixxer SF 250,Tyres,Front Tyre
Suzuki,Gixxer SF 250,Tyres,Rear Tyre
Suzuki,Gixxer SF 250,Tyres,Tube
Suzuki,Intruder 150,Engine,Piston
Suzuki,Intruder 150,Engine,Cylinder Kit
Suzuki,Intruder 150,Engine,Timing Chain
Suzuki,Intruder 150,Engine,Head Gasket
Suzuki,Intruder 150,Clutch,Clutch Plate
Suzuki,Intruder 150,Clutch,Pressure Plate
Suzuki,Intruder 150,Clutch,Clutch Cable
Suzuki,Intruder 150,Cables,Throttle Cable
Suzuki,Intruder 150,Cables,Brake Cable
Suzuki,Intruder 150,Cables,Clutch Cable
Suzuki,Intruder 150,Brakes,Disc Pad
Suzuki,Intruder 150,Brakes,Drum Shoe
Suzuki,Intruder 150,Brakes,Brake Lever
Suzuki,Intruder 150,Suspension,Front Fork
Suzuki,Intruder 150,Suspension,Rear Shock Absorber
Suzuki,Intruder 150,Electrical,Headlight
Suzuki,Intruder 150,Electrical,Tail Light
Suzuki,Intruder 150,Electrical,Indicator
Suzuki,Intruder 150,Electrical,Battery
Suzuki,Intruder 150,Body,Side Panel
Suzuki,Intruder 150,Body,Front Mudguard
Suzuki,Intruder 150,Body,Rear Mudguard
Suzuki,Intruder 150,Tyres,Front Tyre
Suzuki,Intruder 150,Tyres,Rear Tyre
Suzuki,Intruder 150,Tyres,Tube
Suzuki,Access 125,Engine,Piston
Suzuki,Access 125,Engine,Cylinder Kit
Suzuki,Access 125,Engine,Timing Chain
Suzuki,Access 125,Engine,Head Gasket
Suzuki,Access 125,Clutch,Clutch Plate
Suzuki,Access 125,Clutch,Pressure Plate
Suzuki,Access 125,Clutch,Clutch Cable
Suzuki,Access 125,Cables,Throttle Cable
Suzuki,Access 125,Cables,Brake Cable
Suzuki,Access 125,Cables,Clutch Cable
Suzuki,Access 125,Brakes,Disc Pad
Suzuki,Access 125,Brakes,Drum Shoe
Suzuki,Access 125,Brakes,Brake Lever
Suzuki,Access 125,Suspension,Front Fork
Suzuki,Access 125,Suspension,Rear Shock Absorber
Suzuki,Access 125,Electrical,Headlight
Suzuki,Access 125,Electrical,Tail Light
Suzuki,Access 125,Electrical,Indicator
Suzuki,Access 125,Electrical,Battery
Suzuki,Access 125,Body,Side Panel
Suzuki,Access 125,Body,Front Mudguard
Suzuki,Access 125,Body,Rear Mudguard
Suzuki,Access 125,Tyres,Front Tyre
Suzuki,Access 125,Tyres,Rear Tyre
Suzuki,Access 125,Tyres,Tube
Suzuki,Burgman Street 125,Engine,Piston
Suzuki,Burgman Street 125,Engine,Cylinder Kit
Suzuki,Burgman Street 125,Engine,Timing Chain
Suzuki,Burgman Street 125,Engine,Head Gasket
Suzuki,Burgman Street 125,Clutch,Clutch Plate
Suzuki,Burgman Street 125,Clutch,Pressure Plate
Suzuki,Burgman Street 125,Clutch,Clutch Cable
Suzuki,Burgman Street 125,Cables,Throttle Cable
Suzuki,Burgman Street 125,Cables,Brake Cable
Suzuki,Burgman Street 125,Cables,Clutch Cable
Suzuki,Burgman Street 125,Brakes,Disc Pad
Suzuki,Burgman Street 125,Brakes,Drum Shoe
Suzuki,Burgman Street 125,Brakes,Brake Lever
Suzuki,Burgman Street 125,Suspension,Front Fork
Suzuki,Burgman Street 125,Suspension,Rear Shock Absorber
Suzuki,Burgman Street 125,Electrical,Headlight
Suzuki,Burgman Street 125,Electrical,Tail Light
Suzuki,Burgman Street 125,Electrical,Indicator
Suzuki,Burgman Street 125,Electrical,Battery
Suzuki,Burgman Street 125,Body,Side Panel
Suzuki,Burgman Street 125,Body,Front Mudguard
Suzuki,Burgman Street 125,Body,Rear Mudguard
Suzuki,Burgman Street 125,Tyres,Front Tyre
Suzuki,Burgman Street 125,Tyres,Rear Tyre
Suzuki,Burgman Street 125,Tyres,Tube
Suzuki,Avenis 125,Engine,Piston
Suzuki,Avenis 125,Engine,Cylinder Kit
Suzuki,Avenis 125,Engine,Timing Chain
Suzuki,Avenis 125,Engine,Head Gasket
Suzuki,Avenis 125,Clutch,Clutch Plate
Suzuki,Avenis 125,Clutch,Pressure Plate
Suzuki,Avenis 125,Clutch,Clutch Cable
Suzuki,Avenis 125,Cables,Throttle Cable
Suzuki,Avenis 125,Cables,Brake Cable
Suzuki,Avenis 125,Cables,Clutch Cable
Suzuki,Avenis 125,Brakes,Disc Pad
Suzuki,Avenis 125,Brakes,Drum Shoe
Suzuki,Avenis 125,Brakes,Brake Lever
Suzuki,Avenis 125,Suspension,Front Fork
Suzuki,Avenis 125,Suspension,Rear Shock Absorber
Suzuki,Avenis 125,Electrical,Headlight
Suzuki,Avenis 125,Electrical,Tail Light
Suzuki,Avenis 125,Electrical,Indicator
Suzuki,Avenis 125,Electrical,Battery
Suzuki,Avenis 125,Body,Side Panel
Suzuki,Avenis 125,Body,Front Mudguard
Suzuki,Avenis 125,Body,Rear Mudguard
Suzuki,Avenis 125,Tyres,Front Tyre
Suzuki,Avenis 125,Tyres,Rear Tyre
Suzuki,Avenis 125,Tyres,Tube
Jawa / Yezdi,Jawa 42,Engine,Piston
Jawa / Yezdi,Jawa 42,Engine,Cylinder Kit
Jawa / Yezdi,Jawa 42,Engine,Timing Chain
Jawa / Yezdi,Jawa 42,Engine,Head Gasket
Jawa / Yezdi,Jawa 42,Clutch,Clutch Plate
Jawa / Yezdi,Jawa 42,Clutch,Pressure Plate
Jawa / Yezdi,Jawa 42,Clutch,Clutch Cable
Jawa / Yezdi,Jawa 42,Cables,Throttle Cable
Jawa / Yezdi,Jawa 42,Cables,Brake Cable
Jawa / Yezdi,Jawa 42,Cables,Clutch Cable
Jawa / Yezdi,Jawa 42,Brakes,Disc Pad
Jawa / Yezdi,Jawa 42,Brakes,Drum Shoe
Jawa / Yezdi,Jawa 42,Brakes,Brake Lever
Jawa / Yezdi,Jawa 42,Suspension,Front Fork
Jawa / Yezdi,Jawa 42,Suspension,Rear Shock Absorber
Jawa / Yezdi,Jawa 42,Electrical,Headlight
Jawa / Yezdi,Jawa 42,Electrical,Tail Light
Jawa / Yezdi,Jawa 42,Electrical,Indicator
Jawa / Yezdi,Jawa 42,Electrical,Battery
Jawa / Yezdi,Jawa 42,Body,Side Panel
Jawa / Yezdi,Jawa 42,Body,Front Mudguard
Jawa / Yezdi,Jawa 42,Body,Rear Mudguard
Jawa / Yezdi,Jawa 42,Tyres,Front Tyre
Jawa / Yezdi,Jawa 42,Tyres,Rear Tyre
Jawa / Yezdi,Jawa 42,Tyres,Tube
Jawa / Yezdi,Jawa Classic,Engine,Piston
Jawa / Yezdi,Jawa Classic,Engine,Cylinder Kit
Jawa / Yezdi,Jawa Classic,Engine,Timing Chain
Jawa / Yezdi,Jawa Classic,Engine,Head Gasket
Jawa / Yezdi,Jawa Classic,Clutch,Clutch Plate
Jawa / Yezdi,Jawa Classic,Clutch,Pressure Plate
Jawa / Yezdi,Jawa Classic,Clutch,Clutch Cable
Jawa / Yezdi,Jawa Classic,Cables,Throttle Cable
Jawa / Yezdi,Jawa Classic,Cables,Brake Cable
Jawa / Yezdi,Jawa Classic,Cables,Clutch Cable
Jawa / Yezdi,Jawa Classic,Brakes,Disc Pad
Jawa / Yezdi,Jawa Classic,Brakes,Drum Shoe
Jawa / Yezdi,Jawa Classic,Brakes,Brake Lever
Jawa / Yezdi,Jawa Classic,Suspension,Front Fork
Jawa / Yezdi,Jawa Classic,Suspension,Rear Shock Absorber
Jawa / Yezdi,Jawa Classic,Electrical,Headlight
Jawa / Yezdi,Jawa Classic,Electrical,Tail Light
Jawa / Yezdi,Jawa Classic,Electrical,Indicator
Jawa / Yezdi,Jawa Classic,Electrical,Battery
Jawa / Yezdi,Jawa Classic,Body,Side Panel
Jawa / Yezdi,Jawa Classic,Body,Front Mudguard
Jawa / Yezdi,Jawa Classic,Body,Rear Mudguard
Jawa / Yezdi,Jawa Classic,Tyres,Front Tyre
Jawa / Yezdi,Jawa Classic,Tyres,Rear Tyre
Jawa / Yezdi,Jawa Classic,Tyres,Tube
Jawa / Yezdi,Jawa Perak,Engine,Piston
Jawa / Yezdi,Jawa Perak,Engine,Cylinder Kit
Jawa / Yezdi,Jawa Perak,Engine,Timing Chain
Jawa / Yezdi,Jawa Perak,Engine,Head Gasket
Jawa / Yezdi,Jawa Perak,Clutch,Clutch Plate
Jawa / Yezdi,Jawa Perak,Clutch,Pressure Plate
Jawa / Yezdi,Jawa Perak,Clutch,Clutch Cable
Jawa / Yezdi,Jawa Perak,Cables,Throttle Cable
Jawa / Yezdi,Jawa Perak,Cables,Brake Cable
Jawa / Yezdi,Jawa Perak,Cables,Clutch Cable
Jawa / Yezdi,Jawa Perak,Brakes,Disc Pad
Jawa / Yezdi,Jawa Perak,Brakes,Drum Shoe
Jawa / Yezdi,Jawa Perak,Brakes,Brake Lever
Jawa / Yezdi,Jawa Perak,Suspension,Front Fork
Jawa / Yezdi,Jawa Perak,Suspension,Rear Shock Absorber
Jawa / Yezdi,Jawa Perak,Electrical,Headlight
Jawa / Yezdi,Jawa Perak,Electrical,Tail Light
Jawa / Yezdi,Jawa Perak,Electrical,Indicator
Jawa / Yezdi,Jawa Perak,Electrical,Battery
Jawa / Yezdi,Jawa Perak,Body,Side Panel
Jawa / Yezdi,Jawa Perak,Body,Front Mudguard
Jawa / Yezdi,Jawa Perak,Body,Rear Mudguard
Jawa / Yezdi,Jawa Perak,Tyres,Front Tyre
Jawa / Yezdi,Jawa Perak,Tyres,Rear Tyre
Jawa / Yezdi,Jawa Perak,Tyres,Tube
Jawa / Yezdi,Jawa 350,Engine,Piston
Jawa / Yezdi,Jawa 350,Engine,Cylinder Kit
Jawa / Yezdi,Jawa 350,Engine,Timing Chain
Jawa / Yezdi,Jawa 350,Engine,Head Gasket
Jawa / Yezdi,Jawa 350,Clutch,Clutch Plate
Jawa / Yezdi,Jawa 350,Clutch,Pressure Plate
Jawa / Yezdi,Jawa 350,Clutch,Clutch Cable
Jawa / Yezdi,Jawa 350,Cables,Throttle Cable
Jawa / Yezdi,Jawa 350,Cables,Brake Cable
Jawa / Yezdi,Jawa 350,Cables,Clutch Cable
Jawa / Yezdi,Jawa 350,Brakes,Disc Pad
Jawa / Yezdi,Jawa 350,Brakes,Drum Shoe
Jawa / Yezdi,Jawa 350,Brakes,Brake Lever
Jawa / Yezdi,Jawa 350,Suspension,Front Fork
Jawa / Yezdi,Jawa 350,Suspension,Rear Shock Absorber
Jawa / Yezdi,Jawa 350,Electrical,Headlight
Jawa / Yezdi,Jawa 350,Electrical,Tail Light
Jawa / Yezdi,Jawa 350,Electrical,Indicator
Jawa / Yezdi,Jawa 350,Electrical,Battery
Jawa / Yezdi,Jawa 350,Body,Side Panel
Jawa / Yezdi,Jawa 350,Body,Front Mudguard
Jawa / Yezdi,Jawa 350,Body,Rear Mudguard
Jawa / Yezdi,Jawa 350,Tyres,Front Tyre
Jawa / Yezdi,Jawa 350,Tyres,Rear Tyre
Jawa / Yezdi,Jawa 350,Tyres,Tube
Jawa / Yezdi,Yezdi Roadster,Engine,Piston
Jawa / Yezdi,Yezdi Roadster,Engine,Cylinder Kit
Jawa / Yezdi,Yezdi Roadster,Engine,Timing Chain
Jawa / Yezdi,Yezdi Roadster,Engine,Head Gasket
Jawa / Yezdi,Yezdi Roadster,Clutch,Clutch Plate
Jawa / Yezdi,Yezdi Roadster,Clutch,Pressure Plate
Jawa / Yezdi,Yezdi Roadster,Clutch,Clutch Cable
Jawa / Yezdi,Yezdi Roadster,Cables,Throttle Cable
Jawa / Yezdi,Yezdi Roadster,Cables,Brake Cable
Jawa / Yezdi,Yezdi Roadster,Cables,Clutch Cable
Jawa / Yezdi,Yezdi Roadster,Brakes,Disc Pad
Jawa / Yezdi,Yezdi Roadster,Brakes,Drum Shoe
Jawa / Yezdi,Yezdi Roadster,Brakes,Brake Lever
Jawa / Yezdi,Yezdi Roadster,Suspension,Front Fork
Jawa / Yezdi,Yezdi Roadster,Suspension,Rear Shock Absorber
Jawa / Yezdi,Yezdi Roadster,Electrical,Headlight
Jawa / Yezdi,Yezdi Roadster,Electrical,Tail Light
Jawa / Yezdi,Yezdi Roadster,Electrical,Indicator
Jawa / Yezdi,Yezdi Roadster,Electrical,Battery
Jawa / Yezdi,Yezdi Roadster,Body,Side Panel
Jawa / Yezdi,Yezdi Roadster,Body,Front Mudguard
Jawa / Yezdi,Yezdi Roadster,Body,Rear Mudguard
Jawa / Yezdi,Yezdi Roadster,Tyres,Front Tyre
Jawa / Yezdi,Yezdi Roadster,Tyres,Rear Tyre
Jawa / Yezdi,Yezdi Roadster,Tyres,Tube
Jawa / Yezdi,Yezdi Scrambler,Engine,Piston
Jawa / Yezdi,Yezdi Scrambler,Engine,Cylinder Kit
Jawa / Yezdi,Yezdi Scrambler,Engine,Timing Chain
Jawa / Yezdi,Yezdi Scrambler,Engine,Head Gasket
Jawa / Yezdi,Yezdi Scrambler,Clutch,Clutch Plate
Jawa / Yezdi,Yezdi Scrambler,Clutch,Pressure Plate
Jawa / Yezdi,Yezdi Scrambler,Clutch,Clutch Cable
Jawa / Yezdi,Yezdi Scrambler,Cables,Throttle Cable
Jawa / Yezdi,Yezdi Scrambler,Cables,Brake Cable
Jawa / Yezdi,Yezdi Scrambler,Cables,Clutch Cable
Jawa / Yezdi,Yezdi Scrambler,Brakes,Disc Pad
Jawa / Yezdi,Yezdi Scrambler,Brakes,Drum Shoe
Jawa / Yezdi,Yezdi Scrambler,Brakes,Brake Lever
Jawa / Yezdi,Yezdi Scrambler,Suspension,Front Fork
Jawa / Yezdi,Yezdi Scrambler,Suspension,Rear Shock Absorber
Jawa / Yezdi,Yezdi Scrambler,Electrical,Headlight
Jawa / Yezdi,Yezdi Scrambler,Electrical,Tail Light
Jawa / Yezdi,Yezdi Scrambler,Electrical,Indicator
Jawa / Yezdi,Yezdi Scrambler,Electrical,Battery
Jawa / Yezdi,Yezdi Scrambler,Body,Side Panel
Jawa / Yezdi,Yezdi Scrambler,Body,Front Mudguard
Jawa / Yezdi,Yezdi Scrambler,Body,Rear Mudguard
Jawa / Yezdi,Yezdi Scrambler,Tyres,Front Tyre
Jawa / Yezdi,Yezdi Scrambler,Tyres,Rear Tyre
Jawa / Yezdi,Yezdi Scrambler,Tyres,Tube
Jawa / Yezdi,Yezdi Adventure,Engine,Piston
Jawa / Yezdi,Yezdi Adventure,Engine,Cylinder Kit
Jawa / Yezdi,Yezdi Adventure,Engine,Timing Chain
Jawa / Yezdi,Yezdi Adventure,Engine,Head Gasket
Jawa / Yezdi,Yezdi Adventure,Clutch,Clutch Plate
Jawa / Yezdi,Yezdi Adventure,Clutch,Pressure Plate
Jawa / Yezdi,Yezdi Adventure,Clutch,Clutch Cable
Jawa / Yezdi,Yezdi Adventure,Cables,Throttle Cable
Jawa / Yezdi,Yezdi Adventure,Cables,Brake Cable
Jawa / Yezdi,Yezdi Adventure,Cables,Clutch Cable
Jawa / Yezdi,Yezdi Adventure,Brakes,Disc Pad
Jawa / Yezdi,Yezdi Adventure,Brakes,Drum Shoe
Jawa / Yezdi,Yezdi Adventure,Brakes,Brake Lever
Jawa / Yezdi,Yezdi Adventure,Suspension,Front Fork
Jawa / Yezdi,Yezdi Adventure,Suspension,Rear Shock Absorber
Jawa / Yezdi,Yezdi Adventure,Electrical,Headlight
Jawa / Yezdi,Yezdi Adventure,Electrical,Tail Light
Jawa / Yezdi,Yezdi Adventure,Electrical,Indicator
Jawa / Yezdi,Yezdi Adventure,Electrical,Battery
Jawa / Yezdi,Yezdi Adventure,Body,Side Panel
Jawa / Yezdi,Yezdi Adventure,Body,Front Mudguard
Jawa / Yezdi,Yezdi Adventure,Body,Rear Mudguard
Jawa / Yezdi,Yezdi Adventure,Tyres,Front Tyre
Jawa / Yezdi,Yezdi Adventure,Tyres,Rear Tyre
Jawa / Yezdi,Yezdi Adventure,Tyres,Tube
Kawasaki,Ninja 300,Engine,Piston
Kawasaki,Ninja 300,Engine,Cylinder Kit
Kawasaki,Ninja 300,Engine,Timing Chain
Kawasaki,Ninja 300,Engine,Head Gasket
Kawasaki,Ninja 300,Clutch,Clutch Plate
Kawasaki,Ninja 300,Clutch,Pressure Plate
Kawasaki,Ninja 300,Clutch,Clutch Cable
Kawasaki,Ninja 300,Cables,Throttle Cable
Kawasaki,Ninja 300,Cables,Brake Cable
Kawasaki,Ninja 300,Cables,Clutch Cable
Kawasaki,Ninja 300,Brakes,Disc Pad
Kawasaki,Ninja 300,Brakes,Drum Shoe
Kawasaki,Ninja 300,Brakes,Brake Lever
Kawasaki,Ninja 300,Suspension,Front Fork
Kawasaki,Ninja 300,Suspension,Rear Shock Absorber
Kawasaki,Ninja 300,Electrical,Headlight
Kawasaki,Ninja 300,Electrical,Tail Light
Kawasaki,Ninja 300,Electrical,Indicator
Kawasaki,Ninja 300,Electrical,Battery
Kawasaki,Ninja 300,Body,Side Panel
Kawasaki,Ninja 300,Body,Front Mudguard
Kawasaki,Ninja 300,Body,Rear Mudguard
Kawasaki,Ninja 300,Tyres,Front Tyre
Kawasaki,Ninja 300,Tyres,Rear Tyre
Kawasaki,Ninja 300,Tyres,Tube
Kawasaki,Ninja 400,Engine,Piston
Kawasaki,Ninja 400,Engine,Cylinder Kit
Kawasaki,Ninja 400,Engine,Timing Chain
Kawasaki,Ninja 400,Engine,Head Gasket
Kawasaki,Ninja 400,Clutch,Clutch Plate
Kawasaki,Ninja 400,Clutch,Pressure Plate
Kawasaki,Ninja 400,Clutch,Clutch Cable
Kawasaki,Ninja 400,Cables,Throttle Cable
Kawasaki,Ninja 400,Cables,Brake Cable
Kawasaki,Ninja 400,Cables,Clutch Cable
Kawasaki,Ninja 400,Brakes,Disc Pad
Kawasaki,Ninja 400,Brakes,Drum Shoe
Kawasaki,Ninja 400,Brakes,Brake Lever
Kawasaki,Ninja 400,Suspension,Front Fork
Kawasaki,Ninja 400,Suspension,Rear Shock Absorber
Kawasaki,Ninja 400,Electrical,Headlight
Kawasaki,Ninja 400,Electrical,Tail Light
Kawasaki,Ninja 400,Electrical,Indicator
Kawasaki,Ninja 400,Electrical,Battery
Kawasaki,Ninja 400,Body,Side Panel
Kawasaki,Ninja 400,Body,Front Mudguard
Kawasaki,Ninja 400,Body,Rear Mudguard
Kawasaki,Ninja 400,Tyres,Front Tyre
Kawasaki,Ninja 400,Tyres,Rear Tyre
Kawasaki,Ninja 400,Tyres,Tube
Kawasaki,Ninja 650,Engine,Piston
Kawasaki,Ninja 650,Engine,Cylinder Kit
Kawasaki,Ninja 650,Engine,Timing Chain
Kawasaki,Ninja 650,Engine,Head Gasket
Kawasaki,Ninja 650,Clutch,Clutch Plate
Kawasaki,Ninja 650,Clutch,Pressure Plate
Kawasaki,Ninja 650,Clutch,Clutch Cable
Kawasaki,Ninja 650,Cables,Throttle Cable
Kawasaki,Ninja 650,Cables,Brake Cable
Kawasaki,Ninja 650,Cables,Clutch Cable
Kawasaki,Ninja 650,Brakes,Disc Pad
Kawasaki,Ninja 650,Brakes,Drum Shoe
Kawasaki,Ninja 650,Brakes,Brake Lever
Kawasaki,Ninja 650,Suspension,Front Fork
Kawasaki,Ninja 650,Suspension,Rear Shock Absorber
Kawasaki,Ninja 650,Electrical,Headlight
Kawasaki,Ninja 650,Electrical,Tail Light
Kawasaki,Ninja 650,Electrical,Indicator
Kawasaki,Ninja 650,Electrical,Battery
Kawasaki,Ninja 650,Body,Side Panel
Kawasaki,Ninja 650,Body,Front Mudguard
Kawasaki,Ninja 650,Body,Rear Mudguard
Kawasaki,Ninja 650,Tyres,Front Tyre
Kawasaki,Ninja 650,Tyres,Rear Tyre
Kawasaki,Ninja 650,Tyres,Tube
Kawasaki,Z650,Engine,Piston
Kawasaki,Z650,Engine,Cylinder Kit
Kawasaki,Z650,Engine,Timing Chain
Kawasaki,Z650,Engine,Head Gasket
Kawasaki,Z650,Clutch,Clutch Plate
Kawasaki,Z650,Clutch,Pressure Plate
Kawasaki,Z650,Clutch,Clutch Cable
Kawasaki,Z650,Cables,Throttle Cable
Kawasaki,Z650,Cables,Brake Cable
Kawasaki,Z650,Cables,Clutch Cable
Kawasaki,Z650,Brakes,Disc Pad
Kawasaki,Z650,Brakes,Drum Shoe
Kawasaki,Z650,Brakes,Brake Lever
Kawasaki,Z650,Suspension,Front Fork
Kawasaki,Z650,Suspension,Rear Shock Absorber
Kawasaki,Z650,Electrical,Headlight
Kawasaki,Z650,Electrical,Tail Light
Kawasaki,Z650,Electrical,Indicator
Kawasaki,Z650,Electrical,Battery
Kawasaki,Z650,Body,Side Panel
Kawasaki,Z650,Body,Front Mudguard
Kawasaki,Z650,Body,Rear Mudguard
Kawasaki,Z650,Tyres,Front Tyre
Kawasaki,Z650,Tyres,Rear Tyre
Kawasaki,Z650,Tyres,Tube
Kawasaki,Z900,Engine,Piston
Kawasaki,Z900,Engine,Cylinder Kit
Kawasaki,Z900,Engine,Timing Chain
Kawasaki,Z900,Engine,Head Gasket
Kawasaki,Z900,Clutch,Clutch Plate
Kawasaki,Z900,Clutch,Pressure Plate
Kawasaki,Z900,Clutch,Clutch Cable
Kawasaki,Z900,Cables,Throttle Cable
Kawasaki,Z900,Cables,Brake Cable
Kawasaki,Z900,Cables,Clutch Cable
Kawasaki,Z900,Brakes,Disc Pad
Kawasaki,Z900,Brakes,Drum Shoe
Kawasaki,Z900,Brakes,Brake Lever
Kawasaki,Z900,Suspension,Front Fork
Kawasaki,Z900,Suspension,Rear Shock Absorber
Kawasaki,Z900,Electrical,Headlight
Kawasaki,Z900,Electrical,Tail Light
Kawasaki,Z900,Electrical,Indicator
Kawasaki,Z900,Electrical,Battery
Kawasaki,Z900,Body,Side Panel
Kawasaki,Z900,Body,Front Mudguard
Kawasaki,Z900,Body,Rear Mudguard
Kawasaki,Z900,Tyres,Front Tyre
Kawasaki,Z900,Tyres,Rear Tyre
Kawasaki,Z900,Tyres,Tube
Benelli,Imperiale 400,Engine,Piston
Benelli,Imperiale 400,Engine,Cylinder Kit
Benelli,Imperiale 400,Engine,Timing Chain
Benelli,Imperiale 400,Engine,Head Gasket
Benelli,Imperiale 400,Clutch,Clutch Plate
Benelli,Imperiale 400,Clutch,Pressure Plate
Benelli,Imperiale 400,Clutch,Clutch Cable
Benelli,Imperiale 400,Cables,Throttle Cable
Benelli,Imperiale 400,Cables,Brake Cable
Benelli,Imperiale 400,Cables,Clutch Cable
Benelli,Imperiale 400,Brakes,Disc Pad
Benelli,Imperiale 400,Brakes,Drum Shoe
Benelli,Imperiale 400,Brakes,Brake Lever
Benelli,Imperiale 400,Suspension,Front Fork
Benelli,Imperiale 400,Suspension,Rear Shock Absorber
Benelli,Imperiale 400,Electrical,Headlight
Benelli,Imperiale 400,Electrical,Tail Light
Benelli,Imperiale 400,Electrical,Indicator
Benelli,Imperiale 400,Electrical,Battery
Benelli,Imperiale 400,Body,Side Panel
Benelli,Imperiale 400,Body,Front Mudguard
Benelli,Imperiale 400,Body,Rear Mudguard
Benelli,Imperiale 400,Tyres,Front Tyre
Benelli,Imperiale 400,Tyres,Rear Tyre
Benelli,Imperiale 400,Tyres,Tube
Benelli,TRK 502,Engine,Piston
Benelli,TRK 502,Engine,Cylinder Kit
Benelli,TRK 502,Engine,Timing Chain
Benelli,TRK 502,Engine,Head Gasket
Benelli,TRK 502,Clutch,Clutch Plate
Benelli,TRK 502,Clutch,Pressure Plate
Benelli,TRK 502,Clutch,Clutch Cable
Benelli,TRK 502,Cables,Throttle Cable
Benelli,TRK 502,Cables,Brake Cable
Benelli,TRK 502,Cables,Clutch Cable
Benelli,TRK 502,Brakes,Disc Pad
Benelli,TRK 502,Brakes,Drum Shoe
Benelli,TRK 502,Brakes,Brake Lever
Benelli,TRK 502,Suspension,Front Fork
Benelli,TRK 502,Suspension,Rear Shock Absorber
Benelli,TRK 502,Electrical,Headlight
Benelli,TRK 502,Electrical,Tail Light
Benelli,TRK 502,Electrical,Indicator
Benelli,TRK 502,Electrical,Battery
Benelli,TRK 502,Body,Side Panel
Benelli,TRK 502,Body,Front Mudguard
Benelli,TRK 502,Body,Rear Mudguard
Benelli,TRK 502,Tyres,Front Tyre
Benelli,TRK 502,Tyres,Rear Tyre
Benelli,TRK 502,Tyres,Tube
Benelli,Leoncino 250,Engine,Piston
Benelli,Leoncino 250,Engine,Cylinder Kit
Benelli,Leoncino 250,Engine,Timing Chain
Benelli,Leoncino 250,Engine,Head Gasket
Benelli,Leoncino 250,Clutch,Clutch Plate
Benelli,Leoncino 250,Clutch,Pressure Plate
Benelli,Leoncino 250,Clutch,Clutch Cable
Benelli,Leoncino 250,Cables,Throttle Cable
Benelli,Leoncino 250,Cables,Brake Cable
Benelli,Leoncino 250,Cables,Clutch Cable
Benelli,Leoncino 250,Brakes,Disc Pad
Benelli,Leoncino 250,Brakes,Drum Shoe
Benelli,Leoncino 250,Brakes,Brake Lever
Benelli,Leoncino 250,Suspension,Front Fork
Benelli,Leoncino 250,Suspension,Rear Shock Absorber
Benelli,Leoncino 250,Electrical,Headlight
Benelli,Leoncino 250,Electrical,Tail Light
Benelli,Leoncino 250,Electrical,Indicator
Benelli,Leoncino 250,Electrical,Battery
Benelli,Leoncino 250,Body,Side Panel
Benelli,Leoncino 250,Body,Front Mudguard
Benelli,Leoncino 250,Body,Rear Mudguard
Benelli,Leoncino 250,Tyres,Front Tyre
Benelli,Leoncino 250,Tyres,Rear Tyre
Benelli,Leoncino 250,Tyres,Tube
Benelli,600i,Engine,Piston
Benelli,600i,Engine,Cylinder Kit
Benelli,600i,Engine,Timing Chain
Benelli,600i,Engine,Head Gasket
Benelli,600i,Clutch,Clutch Plate
Benelli,600i,Clutch,Pressure Plate
Benelli,600i,Clutch,Clutch Cable
Benelli,600i,Cables,Throttle Cable
Benelli,600i,Cables,Brake Cable
Benelli,600i,Cables,Clutch Cable
Benelli,600i,Brakes,Disc Pad
Benelli,600i,Brakes,Drum Shoe
Benelli,600i,Brakes,Brake Lever
Benelli,600i,Suspension,Front Fork
Benelli,600i,Suspension,Rear Shock Absorber
Benelli,600i,Electrical,Headlight
Benelli,600i,Electrical,Tail Light
Benelli,600i,Electrical,Indicator
Benelli,600i,Electrical,Battery
Benelli,600i,Body,Side Panel
Benelli,600i,Body,Front Mudguard
Benelli,600i,Body,Rear Mudguard
Benelli,600i,Tyres,Front Tyre
Benelli,600i,Tyres,Rear Tyre
Benelli,600i,Tyres,Tube
Benelli,300i,Engine,Piston
Benelli,300i,Engine,Cylinder Kit
Benelli,300i,Engine,Timing Chain
Benelli,300i,Engine,Head Gasket
Benelli,300i,Clutch,Clutch Plate
Benelli,300i,Clutch,Pressure Plate
Benelli,300i,Clutch,Clutch Cable
Benelli,300i,Cables,Throttle Cable
Benelli,300i,Cables,Brake Cable
Benelli,300i,Cables,Clutch Cable
Benelli,300i,Brakes,Disc Pad
Benelli,300i,Brakes,Drum Shoe
Benelli,300i,Brakes,Brake Lever
Benelli,300i,Suspension,Front Fork
Benelli,300i,Suspension,Rear Shock Absorber
Benelli,300i,Electrical,Headlight
Benelli,300i,Electrical,Tail Light
Benelli,300i,Electrical,Indicator
Benelli,300i,Electrical,Battery
Benelli,300i,Body,Side Panel
Benelli,300i,Body,Front Mudguard
Benelli,300i,Body,Rear Mudguard
Benelli,300i,Tyres,Front Tyre
Benelli,300i,Tyres,Rear Tyre
Benelli,300i,Tyres,Tube
Royal Enfield,Bullet 350,Engine,Piston
Royal Enfield,Bullet 350,Engine,Cylinder Kit
Royal Enfield,Bullet 350,Engine,Timing Chain
Royal Enfield,Bullet 350,Engine,Head Gasket
Royal Enfield,Bullet 350,Clutch,Clutch Plate
Royal Enfield,Bullet 350,Clutch,Pressure Plate
Royal Enfield,Bullet 350,Clutch,Clutch Cable
Royal Enfield,Bullet 350,Cables,Throttle Cable
Royal Enfield,Bullet 350,Cables,Brake Cable
Royal Enfield,Bullet 350,Cables,Clutch Cable
Royal Enfield,Bullet 350,Brakes,Disc Pad
Royal Enfield,Bullet 350,Brakes,Drum Shoe
Royal Enfield,Bullet 350,Brakes,Brake Lever
Royal Enfield,Bullet 350,Suspension,Front Fork
Royal Enfield,Bullet 350,Suspension,Rear Shock Absorber
Royal Enfield,Bullet 350,Electrical,Headlight
Royal Enfield,Bullet 350,Electrical,Tail Light
Royal Enfield,Bullet 350,Electrical,Indicator
Royal Enfield,Bullet 350,Electrical,Battery
Royal Enfield,Bullet 350,Body,Side Panel
Royal Enfield,Bullet 350,Body,Front Mudguard
Royal Enfield,Bullet 350,Body,Rear Mudguard
Royal Enfield,Bullet 350,Tyres,Front Tyre
Royal Enfield,Bullet 350,Tyres,Rear Tyre
Royal Enfield,Bullet 350,Tyres,Tube
Royal Enfield,Classic 350,Engine,Piston
Royal Enfield,Classic 350,Engine,Cylinder Kit
Royal Enfield,Classic 350,Engine,Timing Chain
Royal Enfield,Classic 350,Engine,Head Gasket
Royal Enfield,Classic 350,Clutch,Clutch Plate
Royal Enfield,Classic 350,Clutch,Pressure Plate
Royal Enfield,Classic 350,Clutch,Clutch Cable
Royal Enfield,Classic 350,Cables,Throttle Cable
Royal Enfield,Classic 350,Cables,Brake Cable
Royal Enfield,Classic 350,Cables,Clutch Cable
Royal Enfield,Classic 350,Brakes,Disc Pad
Royal Enfield,Classic 350,Brakes,Drum Shoe
Royal Enfield,Classic 350,Brakes,Brake Lever
Royal Enfield,Classic 350,Suspension,Front Fork
Royal Enfield,Classic 350,Suspension,Rear Shock Absorber
Royal Enfield,Classic 350,Electrical,Headlight
Royal Enfield,Classic 350,Electrical,Tail Light
Royal Enfield,Classic 350,Electrical,Indicator
Royal Enfield,Classic 350,Electrical,Battery
Royal Enfield,Classic 350,Body,Side Panel
Royal Enfield,Classic 350,Body,Front Mudguard
Royal Enfield,Classic 350,Body,Rear Mudguard
Royal Enfield,Classic 350,Tyres,Front Tyre
Royal Enfield,Classic 350,Tyres,Rear Tyre
Royal Enfield,Classic 350,Tyres,Tube
Royal Enfield,Hunter 350,Engine,Piston
Royal Enfield,Hunter 350,Engine,Cylinder Kit
Royal Enfield,Hunter 350,Engine,Timing Chain
Royal Enfield,Hunter 350,Engine,Head Gasket
Royal Enfield,Hunter 350,Clutch,Clutch Plate
Royal Enfield,Hunter 350,Clutch,Pressure Plate
Royal Enfield,Hunter 350,Clutch,Clutch Cable
Royal Enfield,Hunter 350,Cables,Throttle Cable
Royal Enfield,Hunter 350,Cables,Brake Cable
Royal Enfield,Hunter 350,Cables,Clutch Cable
Royal Enfield,Hunter 350,Brakes,Disc Pad
Royal Enfield,Hunter 350,Brakes,Drum Shoe
Royal Enfield,Hunter 350,Brakes,Brake Lever
Royal Enfield,Hunter 350,Suspension,Front Fork
Royal Enfield,Hunter 350,Suspension,Rear Shock Absorber
Royal Enfield,Hunter 350,Electrical,Headlight
Royal Enfield,Hunter 350,Electrical,Tail Light
Royal Enfield,Hunter 350,Electrical,Indicator
Royal Enfield,Hunter 350,Electrical,Battery
Royal Enfield,Hunter 350,Body,Side Panel
Royal Enfield,Hunter 350,Body,Front Mudguard
Royal Enfield,Hunter 350,Body,Rear Mudguard
Royal Enfield,Hunter 350,Tyres,Front Tyre
Royal Enfield,Hunter 350,Tyres,Rear Tyre
Royal Enfield,Hunter 350,Tyres,Tube
Royal Enfield,Meteor 350,Engine,Piston
Royal Enfield,Meteor 350,Engine,Cylinder Kit
Royal Enfield,Meteor 350,Engine,Timing Chain
Royal Enfield,Meteor 350,Engine,Head Gasket
Royal Enfield,Meteor 350,Clutch,Clutch Plate
Royal Enfield,Meteor 350,Clutch,Pressure Plate
Royal Enfield,Meteor 350,Clutch,Clutch Cable
Royal Enfield,Meteor 350,Cables,Throttle Cable
Royal Enfield,Meteor 350,Cables,Brake Cable
Royal Enfield,Meteor 350,Cables,Clutch Cable
Royal Enfield,Meteor 350,Brakes,Disc Pad
Royal Enfield,Meteor 350,Brakes,Drum Shoe
Royal Enfield,Meteor 350,Brakes,Brake Lever
Royal Enfield,Meteor 350,Suspension,Front Fork
Royal Enfield,Meteor 350,Suspension,Rear Shock Absorber
Royal Enfield,Meteor 350,Electrical,Headlight
Royal Enfield,Meteor 350,Electrical,Tail Light
Royal Enfield,Meteor 350,Electrical,Indicator
Royal Enfield,Meteor 350,Electrical,Battery
Royal Enfield,Meteor 350,Body,Side Panel
Royal Enfield,Meteor 350,Body,Front Mudguard
Royal Enfield,Meteor 350,Body,Rear Mudguard
Royal Enfield,Meteor 350,Tyres,Front Tyre
Royal Enfield,Meteor 350,Tyres,Rear Tyre
Royal Enfield,Meteor 350,Tyres,Tube
Royal Enfield,Scram 411,Engine,Piston
Royal Enfield,Scram 411,Engine,Cylinder Kit
Royal Enfield,Scram 411,Engine,Timing Chain
Royal Enfield,Scram 411,Engine,Head Gasket
Royal Enfield,Scram 411,Clutch,Clutch Plate
Royal Enfield,Scram 411,Clutch,Pressure Plate
Royal Enfield,Scram 411,Clutch,Clutch Cable
Royal Enfield,Scram 411,Cables,Throttle Cable
Royal Enfield,Scram 411,Cables,Brake Cable
Royal Enfield,Scram 411,Cables,Clutch Cable
Royal Enfield,Scram 411,Brakes,Disc Pad
Royal Enfield,Scram 411,Brakes,Drum Shoe
Royal Enfield,Scram 411,Brakes,Brake Lever
Royal Enfield,Scram 411,Suspension,Front Fork
Royal Enfield,Scram 411,Suspension,Rear Shock Absorber
Royal Enfield,Scram 411,Electrical,Headlight
Royal Enfield,Scram 411,Electrical,Tail Light
Royal Enfield,Scram 411,Electrical,Indicator
Royal Enfield,Scram 411,Electrical,Battery
Royal Enfield,Scram 411,Body,Side Panel
Royal Enfield,Scram 411,Body,Front Mudguard
Royal Enfield,Scram 411,Body,Rear Mudguard
Royal Enfield,Scram 411,Tyres,Front Tyre
Royal Enfield,Scram 411,Tyres,Rear Tyre
Royal Enfield,Scram 411,Tyres,Tube
Royal Enfield,Himalayan 450,Engine,Piston
Royal Enfield,Himalayan 450,Engine,Cylinder Kit
Royal Enfield,Himalayan 450,Engine,Timing Chain
Royal Enfield,Himalayan 450,Engine,Head Gasket
Royal Enfield,Himalayan 450,Clutch,Clutch Plate
Royal Enfield,Himalayan 450,Clutch,Pressure Plate
Royal Enfield,Himalayan 450,Clutch,Clutch Cable
Royal Enfield,Himalayan 450,Cables,Throttle Cable
Royal Enfield,Himalayan 450,Cables,Brake Cable
Royal Enfield,Himalayan 450,Cables,Clutch Cable
Royal Enfield,Himalayan 450,Brakes,Disc Pad
Royal Enfield,Himalayan 450,Brakes,Drum Shoe
Royal Enfield,Himalayan 450,Brakes,Brake Lever
Royal Enfield,Himalayan 450,Suspension,Front Fork
Royal Enfield,Himalayan 450,Suspension,Rear Shock Absorber
Royal Enfield,Himalayan 450,Electrical,Headlight
Royal Enfield,Himalayan 450,Electrical,Tail Light
Royal Enfield,Himalayan 450,Electrical,Indicator
Royal Enfield,Himalayan 450,Electrical,Battery
Royal Enfield,Himalayan 450,Body,Side Panel
Royal Enfield,Himalayan 450,Body,Front Mudguard
Royal Enfield,Himalayan 450,Body,Rear Mudguard
Royal Enfield,Himalayan 450,Tyres,Front Tyre
Royal Enfield,Himalayan 450,Tyres,Rear Tyre
Royal Enfield,Himalayan 450,Tyres,Tube
Royal Enfield,Interceptor 650,Engine,Piston
Royal Enfield,Interceptor 650,Engine,Cylinder Kit
Royal Enfield,Interceptor 650,Engine,Timing Chain
Royal Enfield,Interceptor 650,Engine,Head Gasket
Royal Enfield,Interceptor 650,Clutch,Clutch Plate
Royal Enfield,Interceptor 650,Clutch,Pressure Plate
Royal Enfield,Interceptor 650,Clutch,Clutch Cable
Royal Enfield,Interceptor 650,Cables,Throttle Cable
Royal Enfield,Interceptor 650,Cables,Brake Cable
Royal Enfield,Interceptor 650,Cables,Clutch Cable
Royal Enfield,Interceptor 650,Brakes,Disc Pad
Royal Enfield,Interceptor 650,Brakes,Drum Shoe
Royal Enfield,Interceptor 650,Brakes,Brake Lever
Royal Enfield,Interceptor 650,Suspension,Front Fork
Royal Enfield,Interceptor 650,Suspension,Rear Shock Absorber
Royal Enfield,Interceptor 650,Electrical,Headlight
Royal Enfield,Interceptor 650,Electrical,Tail Light
Royal Enfield,Interceptor 650,Electrical,Indicator
Royal Enfield,Interceptor 650,Electrical,Battery
Royal Enfield,Interceptor 650,Body,Side Panel
Royal Enfield,Interceptor 650,Body,Front Mudguard
Royal Enfield,Interceptor 650,Body,Rear Mudguard
Royal Enfield,Interceptor 650,Tyres,Front Tyre
Royal Enfield,Interceptor 650,Tyres,Rear Tyre
Royal Enfield,Interceptor 650,Tyres,Tube
Royal Enfield,Continental GT 650,Engine,Piston
Royal Enfield,Continental GT 650,Engine,Cylinder Kit
Royal Enfield,Continental GT 650,Engine,Timing Chain
Royal Enfield,Continental GT 650,Engine,Head Gasket
Royal Enfield,Continental GT 650,Clutch,Clutch Plate
Royal Enfield,Continental GT 650,Clutch,Pressure Plate
Royal Enfield,Continental GT 650,Clutch,Clutch Cable
Royal Enfield,Continental GT 650,Cables,Throttle Cable
Royal Enfield,Continental GT 650,Cables,Brake Cable
Royal Enfield,Continental GT 650,Cables,Clutch Cable
Royal Enfield,Continental GT 650,Brakes,Disc Pad
Royal Enfield,Continental GT 650,Brakes,Drum Shoe
Royal Enfield,Continental GT 650,Brakes,Brake Lever
Royal Enfield,Continental GT 650,Suspension,Front Fork
Royal Enfield,Continental GT 650,Suspension,Rear Shock Absorber
Royal Enfield,Continental GT 650,Electrical,Headlight
Royal Enfield,Continental GT 650,Electrical,Tail Light
Royal Enfield,Continental GT 650,Electrical,Indicator
Royal Enfield,Continental GT 650,Electrical,Battery
Royal Enfield,Continental GT 650,Body,Side Panel
Royal Enfield,Continental GT 650,Body,Front Mudguard
Royal Enfield,Continental GT 650,Body,Rear Mudguard
Royal Enfield,Continental GT 650,Tyres,Front Tyre
Royal Enfield,Continental GT 650,Tyres,Rear Tyre
Royal Enfield,Continental GT 650,Tyres,Tube
Aprilia,SR 125,Engine,Piston
Aprilia,SR 125,Engine,Cylinder Kit
Aprilia,SR 125,Engine,Timing Chain
Aprilia,SR 125,Engine,Head Gasket
Aprilia,SR 125,Clutch,Clutch Plate
Aprilia,SR 125,Clutch,Pressure Plate
Aprilia,SR 125,Clutch,Clutch Cable
Aprilia,SR 125,Cables,Throttle Cable
Aprilia,SR 125,Cables,Brake Cable
Aprilia,SR 125,Cables,Clutch Cable
Aprilia,SR 125,Brakes,Disc Pad
Aprilia,SR 125,Brakes,Drum Shoe
Aprilia,SR 125,Brakes,Brake Lever
Aprilia,SR 125,Suspension,Front Fork
Aprilia,SR 125,Suspension,Rear Shock Absorber
Aprilia,SR 125,Electrical,Headlight
Aprilia,SR 125,Electrical,Tail Light
Aprilia,SR 125,Electrical,Indicator
Aprilia,SR 125,Electrical,Battery
Aprilia,SR 125,Body,Side Panel
Aprilia,SR 125,Body,Front Mudguard
Aprilia,SR 125,Body,Rear Mudguard
Aprilia,SR 125,Tyres,Front Tyre
Aprilia,SR 125,Tyres,Rear Tyre
Aprilia,SR 125,Tyres,Tube
Aprilia,SR 160,Engine,Piston
Aprilia,SR 160,Engine,Cylinder Kit
Aprilia,SR 160,Engine,Timing Chain
Aprilia,SR 160,Engine,Head Gasket
Aprilia,SR 160,Clutch,Clutch Plate
Aprilia,SR 160,Clutch,Pressure Plate
Aprilia,SR 160,Clutch,Clutch Cable
Aprilia,SR 160,Cables,Throttle Cable
Aprilia,SR 160,Cables,Brake Cable
Aprilia,SR 160,Cables,Clutch Cable
Aprilia,SR 160,Brakes,Disc Pad
Aprilia,SR 160,Brakes,Drum Shoe
Aprilia,SR 160,Brakes,Brake Lever
Aprilia,SR 160,Suspension,Front Fork
Aprilia,SR 160,Suspension,Rear Shock Absorber
Aprilia,SR 160,Electrical,Headlight
Aprilia,SR 160,Electrical,Tail Light
Aprilia,SR 160,Electrical,Indicator
Aprilia,SR 160,Electrical,Battery
Aprilia,SR 160,Body,Side Panel
Aprilia,SR 160,Body,Front Mudguard
Aprilia,SR 160,Body,Rear Mudguard
Aprilia,SR 160,Tyres,Front Tyre
Aprilia,SR 160,Tyres,Rear Tyre
Aprilia,SR 160,Tyres,Tube
Aprilia,SXR 125,Engine,Piston
Aprilia,SXR 125,Engine,Cylinder Kit
Aprilia,SXR 125,Engine,Timing Chain
Aprilia,SXR 125,Engine,Head Gasket
Aprilia,SXR 125,Clutch,Clutch Plate
Aprilia,SXR 125,Clutch,Pressure Plate
Aprilia,SXR 125,Clutch,Clutch Cable
Aprilia,SXR 125,Cables,Throttle Cable
Aprilia,SXR 125,Cables,Brake Cable
Aprilia,SXR 125,Cables,Clutch Cable
Aprilia,SXR 125,Brakes,Disc Pad
Aprilia,SXR 125,Brakes,Drum Shoe
Aprilia,SXR 125,Brakes,Brake Lever
Aprilia,SXR 125,Suspension,Front Fork
Aprilia,SXR 125,Suspension,Rear Shock Absorber
Aprilia,SXR 125,Electrical,Headlight
Aprilia,SXR 125,Electrical,Tail Light
Aprilia,SXR 125,Electrical,Indicator
Aprilia,SXR 125,Electrical,Battery
Aprilia,SXR 125,Body,Side Panel
Aprilia,SXR 125,Body,Front Mudguard
Aprilia,SXR 125,Body,Rear Mudguard
Aprilia,SXR 125,Tyres,Front Tyre
Aprilia,SXR 125,Tyres,Rear Tyre
Aprilia,SXR 125,Tyres,Tube
Aprilia,SXR 160,Engine,Piston
Aprilia,SXR 160,Engine,Cylinder Kit
Aprilia,SXR 160,Engine,Timing Chain
Aprilia,SXR 160,Engine,Head Gasket
Aprilia,SXR 160,Clutch,Clutch Plate
Aprilia,SXR 160,Clutch,Pressure Plate
Aprilia,SXR 160,Clutch,Clutch Cable
Aprilia,SXR 160,Cables,Throttle Cable
Aprilia,SXR 160,Cables,Brake Cable
Aprilia,SXR 160,Cables,Clutch Cable
Aprilia,SXR 160,Brakes,Disc Pad
Aprilia,SXR 160,Brakes,Drum Shoe
Aprilia,SXR 160,Brakes,Brake Lever
Aprilia,SXR 160,Suspension,Front Fork
Aprilia,SXR 160,Suspension,Rear Shock Absorber
Aprilia,SXR 160,Electrical,Headlight
Aprilia,SXR 160,Electrical,Tail Light
Aprilia,SXR 160,Electrical,Indicator
Aprilia,SXR 160,Electrical,Battery
Aprilia,SXR 160,Body,Side Panel
Aprilia,SXR 160,Body,Front Mudguard
Aprilia,SXR 160,Body,Rear Mudguard
Aprilia,SXR 160,Tyres,Front Tyre
Aprilia,SXR 160,Tyres,Rear Tyre
Aprilia,SXR 160,Tyres,Tube
Aprilia,RS 660,Engine,Piston
Aprilia,RS 660,Engine,Cylinder Kit
Aprilia,RS 660,Engine,Timing Chain
Aprilia,RS 660,Engine,Head Gasket
Aprilia,RS 660,Clutch,Clutch Plate
Aprilia,RS 660,Clutch,Pressure Plate
Aprilia,RS 660,Clutch,Clutch Cable
Aprilia,RS 660,Cables,Throttle Cable
Aprilia,RS 660,Cables,Brake Cable
Aprilia,RS 660,Cables,Clutch Cable
Aprilia,RS 660,Brakes,Disc Pad
Aprilia,RS 660,Brakes,Drum Shoe
Aprilia,RS 660,Brakes,Brake Lever
Aprilia,RS 660,Suspension,Front Fork
Aprilia,RS 660,Suspension,Rear Shock Absorber
Aprilia,RS 660,Electrical,Headlight
Aprilia,RS 660,Electrical,Tail Light
Aprilia,RS 660,Electrical,Indicator
Aprilia,RS 660,Electrical,Battery
Aprilia,RS 660,Body,Side Panel
Aprilia,RS 660,Body,Front Mudguard
Aprilia,RS 660,Body,Rear Mudguard
Aprilia,RS 660,Tyres,Front Tyre
Aprilia,RS 660,Tyres,Rear Tyre
Aprilia,RS 660,Tyres,Tube
Aprilia,Tuono 660,Engine,Piston
Aprilia,Tuono 660,Engine,Cylinder Kit
Aprilia,Tuono 660,Engine,Timing Chain
Aprilia,Tuono 660,Engine,Head Gasket
Aprilia,Tuono 660,Clutch,Clutch Plate
Aprilia,Tuono 660,Clutch,Pressure Plate
Aprilia,Tuono 660,Clutch,Clutch Cable
Aprilia,Tuono 660,Cables,Throttle Cable
Aprilia,Tuono 660,Cables,Brake Cable
Aprilia,Tuono 660,Cables,Clutch Cable
Aprilia,Tuono 660,Brakes,Disc Pad
Aprilia,Tuono 660,Brakes,Drum Shoe
Aprilia,Tuono 660,Brakes,Brake Lever
Aprilia,Tuono 660,Suspension,Front Fork
Aprilia,Tuono 660,Suspension,Rear Shock Absorber
Aprilia,Tuono 660,Electrical,Headlight
Aprilia,Tuono 660,Electrical,Tail Light
Aprilia,Tuono 660,Electrical,Indicator
Aprilia,Tuono 660,Electrical,Battery
Aprilia,Tuono 660,Body,Side Panel
Aprilia,Tuono 660,Body,Front Mudguard
Aprilia,Tuono 660,Body,Rear Mudguard
Aprilia,Tuono 660,Tyres,Front Tyre
Aprilia,Tuono 660,Tyres,Rear Tyre
Aprilia,Tuono 660,Tyres,Tube
Aprilia,RSV4 1100 Factory,Engine,Piston
Aprilia,RSV4 1100 Factory,Engine,Cylinder Kit
Aprilia,RSV4 1100 Factory,Engine,Timing Chain
Aprilia,RSV4 1100 Factory,Engine,Head Gasket
Aprilia,RSV4 1100 Factory,Clutch,Clutch Plate
Aprilia,RSV4 1100 Factory,Clutch,Pressure Plate
Aprilia,RSV4 1100 Factory,Clutch,Clutch Cable
Aprilia,RSV4 1100 Factory,Cables,Throttle Cable
Aprilia,RSV4 1100 Factory,Cables,Brake Cable
Aprilia,RSV4 1100 Factory,Cables,Clutch Cable
Aprilia,RSV4 1100 Factory,Brakes,Disc Pad
Aprilia,RSV4 1100 Factory,Brakes,Drum Shoe
Aprilia,RSV4 1100 Factory,Brakes,Brake Lever
Aprilia,RSV4 1100 Factory,Suspension,Front Fork
Aprilia,RSV4 1100 Factory,Suspension,Rear Shock Absorber
Aprilia,RSV4 1100 Factory,Electrical,Headlight
Aprilia,RSV4 1100 Factory,Electrical,Tail Light
Aprilia,RSV4 1100 Factory,Electrical,Indicator
Aprilia,RSV4 1100 Factory,Electrical,Battery
Aprilia,RSV4 1100 Factory,Body,Side Panel
Aprilia,RSV4 1100 Factory,Body,Front Mudguard
Aprilia,RSV4 1100 Factory,Body,Rear Mudguard
Aprilia,RSV4 1100 Factory,Tyres,Front Tyre
Aprilia,RSV4 1100 Factory,Tyres,Rear Tyre
Aprilia,RSV4 1100 Factory,Tyres,Tube
Harley-Davidson,X440,Engine,Piston
Harley-Davidson,X440,Engine,Cylinder Kit
Harley-Davidson,X440,Engine,Timing Chain
Harley-Davidson,X440,Engine,Head Gasket
Harley-Davidson,X440,Clutch,Clutch Plate
Harley-Davidson,X440,Clutch,Pressure Plate
Harley-Davidson,X440,Clutch,Clutch Cable
Harley-Davidson,X440,Cables,Throttle Cable
Harley-Davidson,X440,Cables,Brake Cable
Harley-Davidson,X440,Cables,Clutch Cable
Harley-Davidson,X440,Brakes,Disc Pad
Harley-Davidson,X440,Brakes,Drum Shoe
Harley-Davidson,X440,Brakes,Brake Lever
Harley-Davidson,X440,Suspension,Front Fork
Harley-Davidson,X440,Suspension,Rear Shock Absorber
Harley-Davidson,X440,Electrical,Headlight
Harley-Davidson,X440,Electrical,Tail Light
Harley-Davidson,X440,Electrical,Indicator
Harley-Davidson,X440,Electrical,Battery
Harley-Davidson,X440,Body,Side Panel
Harley-Davidson,X440,Body,Front Mudguard
Harley-Davidson,X440,Body,Rear Mudguard
Harley-Davidson,X440,Tyres,Front Tyre
Harley-Davidson,X440,Tyres,Rear Tyre
Harley-Davidson,X440,Tyres,Tube
Harley-Davidson,Iron 883,Engine,Piston
Harley-Davidson,Iron 883,Engine,Cylinder Kit
Harley-Davidson,Iron 883,Engine,Timing Chain
Harley-Davidson,Iron 883,Engine,Head Gasket
Harley-Davidson,Iron 883,Clutch,Clutch Plate
Harley-Davidson,Iron 883,Clutch,Pressure Plate
Harley-Davidson,Iron 883,Clutch,Clutch Cable
Harley-Davidson,Iron 883,Cables,Throttle Cable
Harley-Davidson,Iron 883,Cables,Brake Cable
Harley-Davidson,Iron 883,Cables,Clutch Cable
Harley-Davidson,Iron 883,Brakes,Disc Pad
Harley-Davidson,Iron 883,Brakes,Drum Shoe
Harley-Davidson,Iron 883,Brakes,Brake Lever
Harley-Davidson,Iron 883,Suspension,Front Fork
Harley-Davidson,Iron 883,Suspension,Rear Shock Absorber
Harley-Davidson,Iron 883,Electrical,Headlight
Harley-Davidson,Iron 883,Electrical,Tail Light
Harley-Davidson,Iron 883,Electrical,Indicator
Harley-Davidson,Iron 883,Electrical,Battery
Harley-Davidson,Iron 883,Body,Side Panel
Harley-Davidson,Iron 883,Body,Front Mudguard
Harley-Davidson,Iron 883,Body,Rear Mudguard
Harley-Davidson,Iron 883,Tyres,Front Tyre
Harley-Davidson,Iron 883,Tyres,Rear Tyre
Harley-Davidson,Iron 883,Tyres,Tube
Harley-Davidson,Forty-Eight,Engine,Piston
Harley-Davidson,Forty-Eight,Engine,Cylinder Kit
Harley-Davidson,Forty-Eight,Engine,Timing Chain
Harley-Davidson,Forty-Eight,Engine,Head Gasket
Harley-Davidson,Forty-Eight,Clutch,Clutch Plate
Harley-Davidson,Forty-Eight,Clutch,Pressure Plate
Harley-Davidson,Forty-Eight,Clutch,Clutch Cable
Harley-Davidson,Forty-Eight,Cables,Throttle Cable
Harley-Davidson,Forty-Eight,Cables,Brake Cable
Harley-Davidson,Forty-Eight,Cables,Clutch Cable
Harley-Davidson,Forty-Eight,Brakes,Disc Pad
Harley-Davidson,Forty-Eight,Brakes,Drum Shoe
Harley-Davidson,Forty-Eight,Brakes,Brake Lever
Harley-Davidson,Forty-Eight,Suspension,Front Fork
Harley-Davidson,Forty-Eight,Suspension,Rear Shock Absorber
Harley-Davidson,Forty-Eight,Electrical,Headlight
Harley-Davidson,Forty-Eight,Electrical,Tail Light
Harley-Davidson,Forty-Eight,Electrical,Indicator
Harley-Davidson,Forty-Eight,Electrical,Battery
Harley-Davidson,Forty-Eight,Body,Side Panel
Harley-Davidson,Forty-Eight,Body,Front Mudguard
Harley-Davidson,Forty-Eight,Body,Rear Mudguard
Harley-Davidson,Forty-Eight,Tyres,Front Tyre
Harley-Davidson,Forty-Eight,Tyres,Rear Tyre
Harley-Davidson,Forty-Eight,Tyres,Tube
Harley-Davidson,Nightster,Engine,Piston
Harley-Davidson,Nightster,Engine,Cylinder Kit
Harley-Davidson,Nightster,Engine,Timing Chain
Harley-Davidson,Nightster,Engine,Head Gasket
Harley-Davidson,Nightster,Clutch,Clutch Plate
Harley-Davidson,Nightster,Clutch,Pressure Plate
Harley-Davidson,Nightster,Clutch,Clutch Cable
Harley-Davidson,Nightster,Cables,Throttle Cable
Harley-Davidson,Nightster,Cables,Brake Cable
Harley-Davidson,Nightster,Cables,Clutch Cable
Harley-Davidson,Nightster,Brakes,Disc Pad
Harley-Davidson,Nightster,Brakes,Drum Shoe
Harley-Davidson,Nightster,Brakes,Brake Lever
Harley-Davidson,Nightster,Suspension,Front Fork
Harley-Davidson,Nightster,Suspension,Rear Shock Absorber
Harley-Davidson,Nightster,Electrical,Headlight
Harley-Davidson,Nightster,Electrical,Tail Light
Harley-Davidson,Nightster,Electrical,Indicator
Harley-Davidson,Nightster,Electrical,Battery
Harley-Davidson,Nightster,Body,Side Panel
Harley-Davidson,Nightster,Body,Front Mudguard
Harley-Davidson,Nightster,Body,Rear Mudguard
Harley-Davidson,Nightster,Tyres,Front Tyre
Harley-Davidson,Nightster,Tyres,Rear Tyre
Harley-Davidson,Nightster,Tyres,Tube
Harley-Davidson,Street Bob 114,Engine,Piston
Harley-Davidson,Street Bob 114,Engine,Cylinder Kit
Harley-Davidson,Street Bob 114,Engine,Timing Chain
Harley-Davidson,Street Bob 114,Engine,Head Gasket
Harley-Davidson,Street Bob 114,Clutch,Clutch Plate
Harley-Davidson,Street Bob 114,Clutch,Pressure Plate
Harley-Davidson,Street Bob 114,Clutch,Clutch Cable
Harley-Davidson,Street Bob 114,Cables,Throttle Cable
Harley-Davidson,Street Bob 114,Cables,Brake Cable
Harley-Davidson,Street Bob 114,Cables,Clutch Cable
Harley-Davidson,Street Bob 114,Brakes,Disc Pad
Harley-Davidson,Street Bob 114,Brakes,Drum Shoe
Harley-Davidson,Street Bob 114,Brakes,Brake Lever
Harley-Davidson,Street Bob 114,Suspension,Front Fork
Harley-Davidson,Street Bob 114,Suspension,Rear Shock Absorber
Harley-Davidson,Street Bob 114,Electrical,Headlight
Harley-Davidson,Street Bob 114,Electrical,Tail Light
Harley-Davidson,Street Bob 114,Electrical,Indicator
Harley-Davidson,Street Bob 114,Electrical,Battery
Harley-Davidson,Street Bob 114,Body,Side Panel
Harley-Davidson,Street Bob 114,Body,Front Mudguard
Harley-Davidson,Street Bob 114,Body,Rear Mudguard
Harley-Davidson,Street Bob 114,Tyres,Front Tyre
Harley-Davidson,Street Bob 114,Tyres,Rear Tyre
Harley-Davidson,Street Bob 114,Tyres,Tube
Harley-Davidson,Fat Bob 114,Engine,Piston
Harley-Davidson,Fat Bob 114,Engine,Cylinder Kit
Harley-Davidson,Fat Bob 114,Engine,Timing Chain
Harley-Davidson,Fat Bob 114,Engine,Head Gasket
Harley-Davidson,Fat Bob 114,Clutch,Clutch Plate
Harley-Davidson,Fat Bob 114,Clutch,Pressure Plate
Harley-Davidson,Fat Bob 114,Clutch,Clutch Cable
Harley-Davidson,Fat Bob 114,Cables,Throttle Cable
Harley-Davidson,Fat Bob 114,Cables,Brake Cable
Harley-Davidson,Fat Bob 114,Cables,Clutch Cable
Harley-Davidson,Fat Bob 114,Brakes,Disc Pad
Harley-Davidson,Fat Bob 114,Brakes,Drum Shoe
Harley-Davidson,Fat Bob 114,Brakes,Brake Lever
Harley-Davidson,Fat Bob 114,Suspension,Front Fork
Harley-Davidson,Fat Bob 114,Suspension,Rear Shock Absorber
Harley-Davidson,Fat Bob 114,Electrical,Headlight
Harley-Davidson,Fat Bob 114,Electrical,Tail Light
Harley-Davidson,Fat Bob 114,Electrical,Indicator
Harley-Davidson,Fat Bob 114,Electrical,Battery
Harley-Davidson,Fat Bob 114,Body,Side Panel
Harley-Davidson,Fat Bob 114,Body,Front Mudguard
Harley-Davidson,Fat Bob 114,Body,Rear Mudguard
Harley-Davidson,Fat Bob 114,Tyres,Front Tyre
Harley-Davidson,Fat Bob 114,Tyres,Rear Tyre
Harley-Davidson,Fat Bob 114,Tyres,Tube
Harley-Davidson,Fat Boy 114,Engine,Piston
Harley-Davidson,Fat Boy 114,Engine,Cylinder Kit
Harley-Davidson,Fat Boy 114,Engine,Timing Chain
Harley-Davidson,Fat Boy 114,Engine,Head Gasket
Harley-Davidson,Fat Boy 114,Clutch,Clutch Plate
Harley-Davidson,Fat Boy 114,Clutch,Pressure Plate
Harley-Davidson,Fat Boy 114,Clutch,Clutch Cable
Harley-Davidson,Fat Boy 114,Cables,Throttle Cable
Harley-Davidson,Fat Boy 114,Cables,Brake Cable
Harley-Davidson,Fat Boy 114,Cables,Clutch Cable
Harley-Davidson,Fat Boy 114,Brakes,Disc Pad
Harley-Davidson,Fat Boy 114,Brakes,Drum Shoe
Harley-Davidson,Fat Boy 114,Brakes,Brake Lever
Harley-Davidson,Fat Boy 114,Suspension,Front Fork
Harley-Davidson,Fat Boy 114,Suspension,Rear Shock Absorber
Harley-Davidson,Fat Boy 114,Electrical,Headlight
Harley-Davidson,Fat Boy 114,Electrical,Tail Light
Harley-Davidson,Fat Boy 114,Electrical,Indicator
Harley-Davidson,Fat Boy 114,Electrical,Battery
Harley-Davidson,Fat Boy 114,Body,Side Panel
Harley-Davidson,Fat Boy 114,Body,Front Mudguard
Harley-Davidson,Fat Boy 114,Body,Rear Mudguard
Harley-Davidson,Fat Boy 114,Tyres,Front Tyre
Harley-Davidson,Fat Boy 114,Tyres,Rear Tyre
Harley-Davidson,Fat Boy 114,Tyres,Tube
Harley-Davidson,Heritage Classic,Engine,Piston
Harley-Davidson,Heritage Classic,Engine,Cylinder Kit
Harley-Davidson,Heritage Classic,Engine,Timing Chain
Harley-Davidson,Heritage Classic,Engine,Head Gasket
Harley-Davidson,Heritage Classic,Clutch,Clutch Plate
Harley-Davidson,Heritage Classic,Clutch,Pressure Plate
Harley-Davidson,Heritage Classic,Clutch,Clutch Cable
Harley-Davidson,Heritage Classic,Cables,Throttle Cable
Harley-Davidson,Heritage Classic,Cables,Brake Cable
Harley-Davidson,Heritage Classic,Cables,Clutch Cable
Harley-Davidson,Heritage Classic,Brakes,Disc Pad
Harley-Davidson,Heritage Classic,Brakes,Drum Shoe
Harley-Davidson,Heritage Classic,Brakes,Brake Lever
Harley-Davidson,Heritage Classic,Suspension,Front Fork
Harley-Davidson,Heritage Classic,Suspension,Rear Shock Absorber
Harley-Davidson,Heritage Classic,Electrical,Headlight
Harley-Davidson,Heritage Classic,Electrical,Tail Light
Harley-Davidson,Heritage Classic,Electrical,Indicator
Harley-Davidson,Heritage Classic,Electrical,Battery
Harley-Davidson,Heritage Classic,Body,Side Panel
Harley-Davidson,Heritage Classic,Body,Front Mudguard
Harley-Davidson,Heritage Classic,Body,Rear Mudguard
Harley-Davidson,Heritage Classic,Tyres,Front Tyre
Harley-Davidson,Heritage Classic,Tyres,Rear Tyre
Harley-Davidson,Heritage Classic,Tyres,Tube
Harley-Davidson,Street Glide,Engine,Piston
Harley-Davidson,Street Glide,Engine,Cylinder Kit
Harley-Davidson,Street Glide,Engine,Timing Chain
Harley-Davidson,Street Glide,Engine,Head Gasket
Harley-Davidson,Street Glide,Clutch,Clutch Plate
Harley-Davidson,Street Glide,Clutch,Pressure Plate
Harley-Davidson,Street Glide,Clutch,Clutch Cable
Harley-Davidson,Street Glide,Cables,Throttle Cable
Harley-Davidson,Street Glide,Cables,Brake Cable
Harley-Davidson,Street Glide,Cables,Clutch Cable
Harley-Davidson,Street Glide,Brakes,Disc Pad
Harley-Davidson,Street Glide,Brakes,Drum Shoe
Harley-Davidson,Street Glide,Brakes,Brake Lever
Harley-Davidson,Street Glide,Suspension,Front Fork
Harley-Davidson,Street Glide,Suspension,Rear Shock Absorber
Harley-Davidson,Street Glide,Electrical,Headlight
Harley-Davidson,Street Glide,Electrical,Tail Light
Harley-Davidson,Street Glide,Electrical,Indicator
Harley-Davidson,Street Glide,Electrical,Battery
Harley-Davidson,Street Glide,Body,Side Panel
Harley-Davidson,Street Glide,Body,Front Mudguard
Harley-Davidson,Street Glide,Body,Rear Mudguard
Harley-Davidson,Street Glide,Tyres,Front Tyre
Harley-Davidson,Street Glide,Tyres,Rear Tyre
Harley-Davidson,Street Glide,Tyres,Tube
Harley-Davidson,Road Glide,Engine,Piston
Harley-Davidson,Road Glide,Engine,Cylinder Kit
Harley-Davidson,Road Glide,Engine,Timing Chain
Harley-Davidson,Road Glide,Engine,Head Gasket
Harley-Davidson,Road Glide,Clutch,Clutch Plate
Harley-Davidson,Road Glide,Clutch,Pressure Plate
Harley-Davidson,Road Glide,Clutch,Clutch Cable
Harley-Davidson,Road Glide,Cables,Throttle Cable
Harley-Davidson,Road Glide,Cables,Brake Cable
Harley-Davidson,Road Glide,Cables,Clutch Cable
Harley-Davidson,Road Glide,Brakes,Disc Pad
Harley-Davidson,Road Glide,Brakes,Drum Shoe
Harley-Davidson,Road Glide,Brakes,Brake Lever
Harley-Davidson,Road Glide,Suspension,Front Fork
Harley-Davidson,Road Glide,Suspension,Rear Shock Absorber
Harley-Davidson,Road Glide,Electrical,Headlight
Harley-Davidson,Road Glide,Electrical,Tail Light
Harley-Davidson,Road Glide,Electrical,Indicator
Harley-Davidson,Road Glide,Electrical,Battery
Harley-Davidson,Road Glide,Body,Side Panel
Harley-Davidson,Road Glide,Body,Front Mudguard
Harley-Davidson,Road Glide,Body,Rear Mudguard
Harley-Davidson,Road Glide,Tyres,Front Tyre
Harley-Davidson,Road Glide,Tyres,Rear Tyre
Harley-Davidson,Road Glide,Tyres,Tube
BMW,G310R,Engine,Piston
BMW,G310R,Engine,Cylinder Kit
BMW,G310R,Engine,Timing Chain
BMW,G310R,Engine,Head Gasket
BMW,G310R,Clutch,Clutch Plate
BMW,G310R,Clutch,Pressure Plate
BMW,G310R,Clutch,Clutch Cable
BMW,G310R,Cables,Throttle Cable
BMW,G310R,Cables,Brake Cable
BMW,G310R,Cables,Clutch Cable
BMW,G310R,Brakes,Disc Pad
BMW,G310R,Brakes,Drum Shoe
BMW,G310R,Brakes,Brake Lever
BMW,G310R,Suspension,Front Fork
BMW,G310R,Suspension,Rear Shock Absorber
BMW,G310R,Electrical,Headlight
BMW,G310R,Electrical,Tail Light
BMW,G310R,Electrical,Indicator
BMW,G310R,Electrical,Battery
BMW,G310R,Body,Side Panel
BMW,G310R,Body,Front Mudguard
BMW,G310R,Body,Rear Mudguard
BMW,G310R,Tyres,Front Tyre
BMW,G310R,Tyres,Rear Tyre
BMW,G310R,Tyres,Tube
BMW,G310GS,Engine,Piston
BMW,G310GS,Engine,Cylinder Kit
BMW,G310GS,Engine,Timing Chain
BMW,G310GS,Engine,Head Gasket
BMW,G310GS,Clutch,Clutch Plate
BMW,G310GS,Clutch,Pressure Plate
BMW,G310GS,Clutch,Clutch Cable
BMW,G310GS,Cables,Throttle Cable
BMW,G310GS,Cables,Brake Cable
BMW,G310GS,Cables,Clutch Cable
BMW,G310GS,Brakes,Disc Pad
BMW,G310GS,Brakes,Drum Shoe
BMW,G310GS,Brakes,Brake Lever
BMW,G310GS,Suspension,Front Fork
BMW,G310GS,Suspension,Rear Shock Absorber
BMW,G310GS,Electrical,Headlight
BMW,G310GS,Electrical,Tail Light
BMW,G310GS,Electrical,Indicator
BMW,G310GS,Electrical,Battery
BMW,G310GS,Body,Side Panel
BMW,G310GS,Body,Front Mudguard
BMW,G310GS,Body,Rear Mudguard
BMW,G310GS,Tyres,Front Tyre
BMW,G310GS,Tyres,Rear Tyre
BMW,G310GS,Tyres,Tube
BMW,F900R,Engine,Piston
BMW,F900R,Engine,Cylinder Kit
BMW,F900R,Engine,Timing Chain
BMW,F900R,Engine,Head Gasket
BMW,F900R,Clutch,Clutch Plate
BMW,F900R,Clutch,Pressure Plate
BMW,F900R,Clutch,Clutch Cable
BMW,F900R,Cables,Throttle Cable
BMW,F900R,Cables,Brake Cable
BMW,F900R,Cables,Clutch Cable
BMW,F900R,Brakes,Disc Pad
BMW,F900R,Brakes,Drum Shoe
BMW,F900R,Brakes,Brake Lever
BMW,F900R,Suspension,Front Fork
BMW,F900R,Suspension,Rear Shock Absorber
BMW,F900R,Electrical,Headlight
BMW,F900R,Electrical,Tail Light
BMW,F900R,Electrical,Indicator
BMW,F900R,Electrical,Battery
BMW,F900R,Body,Side Panel
BMW,F900R,Body,Front Mudguard
BMW,F900R,Body,Rear Mudguard
BMW,F900R,Tyres,Front Tyre
BMW,F900R,Tyres,Rear Tyre
BMW,F900R,Tyres,Tube
BMW,F900XR,Engine,Piston
BMW,F900XR,Engine,Cylinder Kit
BMW,F900XR,Engine,Timing Chain
BMW,F900XR,Engine,Head Gasket
BMW,F900XR,Clutch,Clutch Plate
BMW,F900XR,Clutch,Pressure Plate
BMW,F900XR,Clutch,Clutch Cable
BMW,F900XR,Cables,Throttle Cable
BMW,F900XR,Cables,Brake Cable
BMW,F900XR,Cables,Clutch Cable
BMW,F900XR,Brakes,Disc Pad
BMW,F900XR,Brakes,Drum Shoe
BMW,F900XR,Brakes,Brake Lever
BMW,F900XR,Suspension,Front Fork
BMW,F900XR,Suspension,Rear Shock Absorber
BMW,F900XR,Electrical,Headlight
BMW,F900XR,Electrical,Tail Light
BMW,F900XR,Electrical,Indicator
BMW,F900XR,Electrical,Battery
BMW,F900XR,Body,Side Panel
BMW,F900XR,Body,Front Mudguard
BMW,F900XR,Body,Rear Mudguard
BMW,F900XR,Tyres,Front Tyre
BMW,F900XR,Tyres,Rear Tyre
BMW,F900XR,Tyres,Tube
BMW,R1250GS,Engine,Piston
BMW,R1250GS,Engine,Cylinder Kit
BMW,R1250GS,Engine,Timing Chain
BMW,R1250GS,Engine,Head Gasket
BMW,R1250GS,Clutch,Clutch Plate
BMW,R1250GS,Clutch,Pressure Plate
BMW,R1250GS,Clutch,Clutch Cable
BMW,R1250GS,Cables,Throttle Cable
BMW,R1250GS,Cables,Brake Cable
BMW,R1250GS,Cables,Clutch Cable
BMW,R1250GS,Brakes,Disc Pad
BMW,R1250GS,Brakes,Drum Shoe
BMW,R1250GS,Brakes,Brake Lever
BMW,R1250GS,Suspension,Front Fork
BMW,R1250GS,Suspension,Rear Shock Absorber
BMW,R1250GS,Electrical,Headlight
BMW,R1250GS,Electrical,Tail Light
BMW,R1250GS,Electrical,Indicator
BMW,R1250GS,Electrical,Battery
BMW,R1250GS,Body,Side Panel
BMW,R1250GS,Body,Front Mudguard
BMW,R1250GS,Body,Rear Mudguard
BMW,R1250GS,Tyres,Front Tyre
BMW,R1250GS,Tyres,Rear Tyre
BMW,R1250GS,Tyres,Tube
BMW,S1000RR,Engine,Piston
BMW,S1000RR,Engine,Cylinder Kit
BMW,S1000RR,Engine,Timing Chain
BMW,S1000RR,Engine,Head Gasket
BMW,S1000RR,Clutch,Clutch Plate
BMW,S1000RR,Clutch,Pressure Plate
BMW,S1000RR,Clutch,Clutch Cable
BMW,S1000RR,Cables,Throttle Cable
BMW,S1000RR,Cables,Brake Cable
BMW,S1000RR,Cables,Clutch Cable
BMW,S1000RR,Brakes,Disc Pad
BMW,S1000RR,Brakes,Drum Shoe
BMW,S1000RR,Brakes,Brake Lever
BMW,S1000RR,Suspension,Front Fork
BMW,S1000RR,Suspension,Rear Shock Absorber
BMW,S1000RR,Electrical,Headlight
BMW,S1000RR,Electrical,Tail Light
BMW,S1000RR,Electrical,Indicator
BMW,S1000RR,Electrical,Battery
BMW,S1000RR,Body,Side Panel
BMW,S1000RR,Body,Front Mudguard
BMW,S1000RR,Body,Rear Mudguard
BMW,S1000RR,Tyres,Front Tyre
BMW,S1000RR,Tyres,Rear Tyre
BMW,S1000RR,Tyres,Tube
BMW,R18,Engine,Piston
BMW,R18,Engine,Cylinder Kit
BMW,R18,Engine,Timing Chain
BMW,R18,Engine,Head Gasket
BMW,R18,Clutch,Clutch Plate
BMW,R18,Clutch,Pressure Plate
BMW,R18,Clutch,Clutch Cable
BMW,R18,Cables,Throttle Cable
BMW,R18,Cables,Brake Cable
BMW,R18,Cables,Clutch Cable
BMW,R18,Brakes,Disc Pad
BMW,R18,Brakes,Drum Shoe
BMW,R18,Brakes,Brake Lever
BMW,R18,Suspension,Front Fork
BMW,R18,Suspension,Rear Shock Absorber
BMW,R18,Electrical,Headlight
BMW,R18,Electrical,Tail Light
BMW,R18,Electrical,Indicator
BMW,R18,Electrical,Battery
BMW,R18,Body,Side Panel
BMW,R18,Body,Front Mudguard
BMW,R18,Body,Rear Mudguard
BMW,R18,Tyres,Front Tyre
BMW,R18,Tyres,Rear Tyre
BMW,R18,Tyres,Tube
Ducati,Monster,Engine,Piston
Ducati,Monster,Engine,Cylinder Kit
Ducati,Monster,Engine,Timing Chain
Ducati,Monster,Engine,Head Gasket
Ducati,Monster,Clutch,Clutch Plate
Ducati,Monster,Clutch,Pressure Plate
Ducati,Monster,Clutch,Clutch Cable
Ducati,Monster,Cables,Throttle Cable
Ducati,Monster,Cables,Brake Cable
Ducati,Monster,Cables,Clutch Cable
Ducati,Monster,Brakes,Disc Pad
Ducati,Monster,Brakes,Drum Shoe
Ducati,Monster,Brakes,Brake Lever
Ducati,Monster,Suspension,Front Fork
Ducati,Monster,Suspension,Rear Shock Absorber
Ducati,Monster,Electrical,Headlight
Ducati,Monster,Electrical,Tail Light
Ducati,Monster,Electrical,Indicator
Ducati,Monster,Electrical,Battery
Ducati,Monster,Body,Side Panel
Ducati,Monster,Body,Front Mudguard
Ducati,Monster,Body,Rear Mudguard
Ducati,Monster,Tyres,Front Tyre
Ducati,Monster,Tyres,Rear Tyre
Ducati,Monster,Tyres,Tube
Ducati,Hypermotard 950,Engine,Piston
Ducati,Hypermotard 950,Engine,Cylinder Kit
Ducati,Hypermotard 950,Engine,Timing Chain
Ducati,Hypermotard 950,Engine,Head Gasket
Ducati,Hypermotard 950,Clutch,Clutch Plate
Ducati,Hypermotard 950,Clutch,Pressure Plate
Ducati,Hypermotard 950,Clutch,Clutch Cable
Ducati,Hypermotard 950,Cables,Throttle Cable
Ducati,Hypermotard 950,Cables,Brake Cable
Ducati,Hypermotard 950,Cables,Clutch Cable
Ducati,Hypermotard 950,Brakes,Disc Pad
Ducati,Hypermotard 950,Brakes,Drum Shoe
Ducati,Hypermotard 950,Brakes,Brake Lever
Ducati,Hypermotard 950,Suspension,Front Fork
Ducati,Hypermotard 950,Suspension,Rear Shock Absorber
Ducati,Hypermotard 950,Electrical,Headlight
Ducati,Hypermotard 950,Electrical,Tail Light
Ducati,Hypermotard 950,Electrical,Indicator
Ducati,Hypermotard 950,Electrical,Battery
Ducati,Hypermotard 950,Body,Side Panel
Ducati,Hypermotard 950,Body,Front Mudguard
Ducati,Hypermotard 950,Body,Rear Mudguard
Ducati,Hypermotard 950,Tyres,Front Tyre
Ducati,Hypermotard 950,Tyres,Rear Tyre
Ducati,Hypermotard 950,Tyres,Tube
Ducati,Scrambler Icon,Engine,Piston
Ducati,Scrambler Icon,Engine,Cylinder Kit
Ducati,Scrambler Icon,Engine,Timing Chain
Ducati,Scrambler Icon,Engine,Head Gasket
Ducati,Scrambler Icon,Clutch,Clutch Plate
Ducati,Scrambler Icon,Clutch,Pressure Plate
Ducati,Scrambler Icon,Clutch,Clutch Cable
Ducati,Scrambler Icon,Cables,Throttle Cable
Ducati,Scrambler Icon,Cables,Brake Cable
Ducati,Scrambler Icon,Cables,Clutch Cable
Ducati,Scrambler Icon,Brakes,Disc Pad
Ducati,Scrambler Icon,Brakes,Drum Shoe
Ducati,Scrambler Icon,Brakes,Brake Lever
Ducati,Scrambler Icon,Suspension,Front Fork
Ducati,Scrambler Icon,Suspension,Rear Shock Absorber
Ducati,Scrambler Icon,Electrical,Headlight
Ducati,Scrambler Icon,Electrical,Tail Light
Ducati,Scrambler Icon,Electrical,Indicator
Ducati,Scrambler Icon,Electrical,Battery
Ducati,Scrambler Icon,Body,Side Panel
Ducati,Scrambler Icon,Body,Front Mudguard
Ducati,Scrambler Icon,Body,Rear Mudguard
Ducati,Scrambler Icon,Tyres,Front Tyre
Ducati,Scrambler Icon,Tyres,Rear Tyre
Ducati,Scrambler Icon,Tyres,Tube
Ducati,Scrambler 1100,Engine,Piston
Ducati,Scrambler 1100,Engine,Cylinder Kit
Ducati,Scrambler 1100,Engine,Timing Chain
Ducati,Scrambler 1100,Engine,Head Gasket
Ducati,Scrambler 1100,Clutch,Clutch Plate
Ducati,Scrambler 1100,Clutch,Pressure Plate
Ducati,Scrambler 1100,Clutch,Clutch Cable
Ducati,Scrambler 1100,Cables,Throttle Cable
Ducati,Scrambler 1100,Cables,Brake Cable
Ducati,Scrambler 1100,Cables,Clutch Cable
Ducati,Scrambler 1100,Brakes,Disc Pad
Ducati,Scrambler 1100,Brakes,Drum Shoe
Ducati,Scrambler 1100,Brakes,Brake Lever
Ducati,Scrambler 1100,Suspension,Front Fork
Ducati,Scrambler 1100,Suspension,Rear Shock Absorber
Ducati,Scrambler 1100,Electrical,Headlight
Ducati,Scrambler 1100,Electrical,Tail Light
Ducati,Scrambler 1100,Electrical,Indicator
Ducati,Scrambler 1100,Electrical,Battery
Ducati,Scrambler 1100,Body,Side Panel
Ducati,Scrambler 1100,Body,Front Mudguard
Ducati,Scrambler 1100,Body,Rear Mudguard
Ducati,Scrambler 1100,Tyres,Front Tyre
Ducati,Scrambler 1100,Tyres,Rear Tyre
Ducati,Scrambler 1100,Tyres,Tube
Ducati,Multistrada V4,Engine,Piston
Ducati,Multistrada V4,Engine,Cylinder Kit
Ducati,Multistrada V4,Engine,Timing Chain
Ducati,Multistrada V4,Engine,Head Gasket
Ducati,Multistrada V4,Clutch,Clutch Plate
Ducati,Multistrada V4,Clutch,Pressure Plate
Ducati,Multistrada V4,Clutch,Clutch Cable
Ducati,Multistrada V4,Cables,Throttle Cable
Ducati,Multistrada V4,Cables,Brake Cable
Ducati,Multistrada V4,Cables,Clutch Cable
Ducati,Multistrada V4,Brakes,Disc Pad
Ducati,Multistrada V4,Brakes,Drum Shoe
Ducati,Multistrada V4,Brakes,Brake Lever
Ducati,Multistrada V4,Suspension,Front Fork
Ducati,Multistrada V4,Suspension,Rear Shock Absorber
Ducati,Multistrada V4,Electrical,Headlight
Ducati,Multistrada V4,Electrical,Tail Light
Ducati,Multistrada V4,Electrical,Indicator
Ducati,Multistrada V4,Electrical,Battery
Ducati,Multistrada V4,Body,Side Panel
Ducati,Multistrada V4,Body,Front Mudguard
Ducati,Multistrada V4,Body,Rear Mudguard
Ducati,Multistrada V4,Tyres,Front Tyre
Ducati,Multistrada V4,Tyres,Rear Tyre
Ducati,Multistrada V4,Tyres,Tube
Ducati,Diavel 1260,Engine,Piston
Ducati,Diavel 1260,Engine,Cylinder Kit
Ducati,Diavel 1260,Engine,Timing Chain
Ducati,Diavel 1260,Engine,Head Gasket
Ducati,Diavel 1260,Clutch,Clutch Plate
Ducati,Diavel 1260,Clutch,Pressure Plate
Ducati,Diavel 1260,Clutch,Clutch Cable
Ducati,Diavel 1260,Cables,Throttle Cable
Ducati,Diavel 1260,Cables,Brake Cable
Ducati,Diavel 1260,Cables,Clutch Cable
Ducati,Diavel 1260,Brakes,Disc Pad
Ducati,Diavel 1260,Brakes,Drum Shoe
Ducati,Diavel 1260,Brakes,Brake Lever
Ducati,Diavel 1260,Suspension,Front Fork
Ducati,Diavel 1260,Suspension,Rear Shock Absorber
Ducati,Diavel 1260,Electrical,Headlight
Ducati,Diavel 1260,Electrical,Tail Light
Ducati,Diavel 1260,Electrical,Indicator
Ducati,Diavel 1260,Electrical,Battery
Ducati,Diavel 1260,Body,Side Panel
Ducati,Diavel 1260,Body,Front Mudguard
Ducati,Diavel 1260,Body,Rear Mudguard
Ducati,Diavel 1260,Tyres,Front Tyre
Ducati,Diavel 1260,Tyres,Rear Tyre
Ducati,Diavel 1260,Tyres,Tube
Ducati,Panigale V2,Engine,Piston
Ducati,Panigale V2,Engine,Cylinder Kit
Ducati,Panigale V2,Engine,Timing Chain
Ducati,Panigale V2,Engine,Head Gasket
Ducati,Panigale V2,Clutch,Clutch Plate
Ducati,Panigale V2,Clutch,Pressure Plate
Ducati,Panigale V2,Clutch,Clutch Cable
Ducati,Panigale V2,Cables,Throttle Cable
Ducati,Panigale V2,Cables,Brake Cable
Ducati,Panigale V2,Cables,Clutch Cable
Ducati,Panigale V2,Brakes,Disc Pad
Ducati,Panigale V2,Brakes,Drum Shoe
Ducati,Panigale V2,Brakes,Brake Lever
Ducati,Panigale V2,Suspension,Front Fork
Ducati,Panigale V2,Suspension,Rear Shock Absorber
Ducati,Panigale V2,Electrical,Headlight
Ducati,Panigale V2,Electrical,Tail Light
Ducati,Panigale V2,Electrical,Indicator
Ducati,Panigale V2,Electrical,Battery
Ducati,Panigale V2,Body,Side Panel
Ducati,Panigale V2,Body,Front Mudguard
Ducati,Panigale V2,Body,Rear Mudguard
Ducati,Panigale V2,Tyres,Front Tyre
Ducati,Panigale V2,Tyres,Rear Tyre
Ducati,Panigale V2,Tyres,Tube
Ducati,Panigale V4,Engine,Piston
Ducati,Panigale V4,Engine,Cylinder Kit
Ducati,Panigale V4,Engine,Timing Chain
Ducati,Panigale V4,Engine,Head Gasket
Ducati,Panigale V4,Clutch,Clutch Plate
Ducati,Panigale V4,Clutch,Pressure Plate
Ducati,Panigale V4,Clutch,Clutch Cable
Ducati,Panigale V4,Cables,Throttle Cable
Ducati,Panigale V4,Cables,Brake Cable
Ducati,Panigale V4,Cables,Clutch Cable
Ducati,Panigale V4,Brakes,Disc Pad
Ducati,Panigale V4,Brakes,Drum Shoe
Ducati,Panigale V4,Brakes,Brake Lever
Ducati,Panigale V4,Suspension,Front Fork
Ducati,Panigale V4,Suspension,Rear Shock Absorber
Ducati,Panigale V4,Electrical,Headlight
Ducati,Panigale V4,Electrical,Tail Light
Ducati,Panigale V4,Electrical,Indicator
Ducati,Panigale V4,Electrical,Battery
Ducati,Panigale V4,Body,Side Panel
Ducati,Panigale V4,Body,Front Mudguard
Ducati,Panigale V4,Body,Rear Mudguard
Ducati,Panigale V4,Tyres,Front Tyre
Ducati,Panigale V4,Tyres,Rear Tyre
Ducati,Panigale V4,Tyres,Tube
Ducati,Streetfighter V2,Engine,Piston
Ducati,Streetfighter V2,Engine,Cylinder Kit
Ducati,Streetfighter V2,Engine,Timing Chain
Ducati,Streetfighter V2,Engine,Head Gasket
Ducati,Streetfighter V2,Clutch,Clutch Plate
Ducati,Streetfighter V2,Clutch,Pressure Plate
Ducati,Streetfighter V2,Clutch,Clutch Cable
Ducati,Streetfighter V2,Cables,Throttle Cable
Ducati,Streetfighter V2,Cables,Brake Cable
Ducati,Streetfighter V2,Cables,Clutch Cable
Ducati,Streetfighter V2,Brakes,Disc Pad
Ducati,Streetfighter V2,Brakes,Drum Shoe
Ducati,Streetfighter V2,Brakes,Brake Lever
Ducati,Streetfighter V2,Suspension,Front Fork
Ducati,Streetfighter V2,Suspension,Rear Shock Absorber
Ducati,Streetfighter V2,Electrical,Headlight
Ducati,Streetfighter V2,Electrical,Tail Light
Ducati,Streetfighter V2,Electrical,Indicator
Ducati,Streetfighter V2,Electrical,Battery
Ducati,Streetfighter V2,Body,Side Panel
Ducati,Streetfighter V2,Body,Front Mudguard
Ducati,Streetfighter V2,Body,Rear Mudguard
Ducati,Streetfighter V2,Tyres,Front Tyre
Ducati,Streetfighter V2,Tyres,Rear Tyre
Ducati,Streetfighter V2,Tyres,Tube
Ducati,Streetfighter V4,Engine,Piston
Ducati,Streetfighter V4,Engine,Cylinder Kit
Ducati,Streetfighter V4,Engine,Timing Chain
Ducati,Streetfighter V4,Engine,Head Gasket
Ducati,Streetfighter V4,Clutch,Clutch Plate
Ducati,Streetfighter V4,Clutch,Pressure Plate
Ducati,Streetfighter V4,Clutch,Clutch Cable
Ducati,Streetfighter V4,Cables,Throttle Cable
Ducati,Streetfighter V4,Cables,Brake Cable
Ducati,Streetfighter V4,Cables,Clutch Cable
Ducati,Streetfighter V4,Brakes,Disc Pad
Ducati,Streetfighter V4,Brakes,Drum Shoe
Ducati,Streetfighter V4,Brakes,Brake Lever
Ducati,Streetfighter V4,Suspension,Front Fork
Ducati,Streetfighter V4,Suspension,Rear Shock Absorber
Ducati,Streetfighter V4,Electrical,Headlight
Ducati,Streetfighter V4,Electrical,Tail Light
Ducati,Streetfighter V4,Electrical,Indicator
Ducati,Streetfighter V4,Electrical,Battery
Ducati,Streetfighter V4,Body,Side Panel
Ducati,Streetfighter V4,Body,Front Mudguard
Ducati,Streetfighter V4,Body,Rear Mudguard
Ducati,Streetfighter V4,Tyres,Front Tyre
Ducati,Streetfighter V4,Tyres,Rear Tyre
Ducati,Streetfighter V4,Tyres,Tube
